Invoice,Sold to Party,Sold to Party Name,Sales Org
50123900303,1733048,HYPE 6588,A20
50124186395,1053549,GE V 8549,A20
50124289134,1220166,INTU 0166,A20
50124356517,1053549,GE V 8549,A20
50124397203,1053549,GE V 8549,A20
50124419492,1053549,GE V 8549,A20
50124431414,1053549,GE V 8549,A20
50124449222,1053549,GE V 8549,A20
50124488601,1053549,GE V 8549,A20
50124505800,1053549,GE V 8549,A20
50124559387,1053549,GE V 8549,A20
50124598749,1053549,GE V 8549,A20
50124661799,1053549,GE V 8549,A20
50124761243,1053549,GE V 8549,A20
50124820761,1733102,SCHL 5161,A20
50124825491,1733201,SCHL 5055,A20
50124825492,1733201,SCHL 5055,A20
50124828672,1417746,IBM  7746,A10
50124828673,1417746,IBM  7746,A10
50124829534,1733212,SCHL 5039,A20
50124832154,1733212,SCHL 5039,A20
50124833073,1733102,SCHL 5161,A20
50124834152,1733102,SCHL 5161,A20
50124842170,1733102,SCHL 5161,A20
50124842173,1733102,SCHL 5161,A20
50124846731,1733102,SCHL 5161,A20
50124846737,1733102,SCHL 5161,A20
50124846908,1733102,SCHL 5161,A20
50124846910,1733102,SCHL 5161,A20
50124849166,1417746,IBM  7746,A10
50124849167,1417746,IBM  7746,A10
50124858623,1733102,SCHL 5161,A20
50124861783,1733215,SIEM 0766,A20
50124862481,1733212,SCHL 5039,A20
50124864516,1417746,IBM  7746,A10
50124866005,1733212,SCHL 5039,A20
50124866960,1733102,SCHL 5161,A20
50124866962,1733102,SCHL 5161,A20
50124868704,1733215,SIEM 0766,A20
50124869749,1417746,IBM  7746,A10
50124869750,1417746,IBM  7746,A10
50124869779,1733289,UNIV 0114,A20
50124869982,1733048,HYPE 6588,A20
50124870749,1176121,BAKE 5121,A20
50124870885,1733201,SCHL 5055,A20
50124871792,1733212,SCHL 5039,A20
50124872790,1733333,UNIO 7575,A20
50124877039,1417746,IBM  7746,A10
50124877041,1417746,IBM  7746,A10
50124878492,1733048,HYPE 6588,A20
50124880591,1733048,HYPE 6588,A20
50124881090,1733102,SCHL 5161,A20
50124882946,1176121,BAKE 5121,A20
50124882973,1733048,HYPE 6588,A20
50124884348,1733102,SCHL 5161,A20
50124889315,1733215,SIEM 0766,A20
50124889840,1053549,GE V 8549,A20
50124890353,1733102,SCHL 5161,A20
50124890361,1733212,SCHL 5039,A20
50124891581,1417746,IBM  7746,A10
50124892660,1733212,SCHL 5039,A20
50124894333,1733289,UNIV 0114,A20
50124894841,1733048,HYPE 6588,A20
50124895713,1053549,GE V 8549,A20
50124899222,1733048,HYPE 6588,A20
50124899252,1733102,SCHL 5161,A20
50124903679,1733201,SCHL 5055,A20
50124906983,1176121,BAKE 5121,A20
50124913811,1733048,HYPE 6588,A20
50124913815,1733048,HYPE 6588,A20
50124915170,1733212,SCHL 5039,A20
50124916266,1176121,BAKE 5121,A20
50124916271,1176121,BAKE 5121,A20
50124920733,1733212,SCHL 5039,A20
50124926227,1176121,BAKE 5121,A20
50124930567,1733212,SCHL 5039,A20
50124930573,1733212,SCHL 5039,A20
50124930578,1176121,BAKE 5121,A20
50124930581,1176121,BAKE 5121,A20
50124932268,1733289,UNIV 0114,A20
50124932521,1176121,BAKE 5121,A20
50124935064,1733378,Inno 7355,A20
50124935161,1733378,Inno 7355,A20
50124935165,1733378,Inno 7355,A20
50124935168,1733378,Inno 7355,A20
50124937711,1733212,SCHL 5039,A20
50124939008,1733212,SCHL 5039,A20
50124947570,1733378,Inno 7355,A20
50124949145,1733212,SCHL 5039,A20
50124951821,1733102,SCHL 5161,A20
50124957924,1733048,HYPE 6588,A20
50124958025,1176121,BAKE 5121,A20
50124960460,1176121,BAKE 5121,A20
50124960465,1176121,BAKE 5121,A20
50124960468,1176121,BAKE 5121,A20
50124960473,1733102,SCHL 5161,A20
50124968965,1176121,BAKE 5121,A20
50124970519,1733048,HYPE 6588,A20
50124974888,1733102,SCHL 5161,A20
50124976553,1733422,TEXA 2921,A20
50124980914,1176121,BAKE 5121,A20
50124983917,1733212,SCHL 5039,A20
50124984641,1733212,SCHL 5039,A20
50124984644,1733212,SCHL 5039,A20
50124984659,1733048,HYPE 6588,A20
50124986602,1733048,HYPE 6588,A20
50124990282,1733048,HYPE 6588,A20
50124991316,1176121,BAKE 5121,A20
50124995858,1733048,HYPE 6588,A20
50124999155,1176121,BAKE 5121,A20
50125002425,1733466,AMAZ 7577,A20
50125005714,1176121,BAKE 5121,A20
50125007670,1733102,SCHL 5161,A20
50125009372,1733378,Inno 7355,A20
50125009554,1733102,SCHL 5161,A20
50125015451,1733215,SIEM 0766,A20
50125023429,1733048,HYPE 6588,A20
50125025125,1733048,HYPE 6588,A20
50125025923,1733212,SCHL 5039,A20
50125026985,1176121,BAKE 5121,A20
50125038394,1733102,SCHL 5161,A20
50125040895,1297839,LUME 7839,A10
50125040943,1733212,SCHL 5039,A20
50125043683,1733511,TEXA 3018,A20
50125044488,1733102,SCHL 5161,A20
50125045246,1733102,SCHL 5161,A20
50125055765,1733102,SCHL 5161,A20
50125055767,1733102,SCHL 5161,A20
50125055881,1733201,SCHL 5055,A20
50125057321,1733212,SCHL 5039,A20
50125060856,1176121,BAKE 5121,A20
50125063800,1297839,LUME 7839,A10
50125064762,1733212,SCHL 5039,A20
50125071797,1733378,Inno 7355,A20
50125071923,1176121,BAKE 5121,A20
50125077428,1733555,CHAR 4142,A20
50125078084,1733212,SCHL 5039,A20
50125078828,1733422,TEXA 2921,A20
50125083518,1176121,BAKE 5121,A20
50125087582,1297839,LUME 7839,A10
50125088448,1733048,HYPE 6588,A20
50125089972,1733212,SCHL 5039,A20
50125094046,1733212,SCHL 5039,A20
50125094050,1733212,SCHL 5039,A20
50125094053,1733212,SCHL 5039,A20
50125094055,1733212,SCHL 5039,A20
50125099661,1733215,SIEM 0766,A20
50125099663,1733215,SIEM 0766,A20
50125103963,1733511,TEXA 3018,A20
50125104025,1733212,SCHL 5039,A20
50125104027,1733212,SCHL 5039,A20
50125105633,1176121,BAKE 5121,A20
50125106410,1733215,SIEM 0766,A20
50125106542,1733102,SCHL 5161,A20
50125106543,1733102,SCHL 5161,A20
50125106707,1733215,SIEM 0766,A20
50125109427,1733212,SCHL 5039,A20
50125110610,1733102,SCHL 5161,A20
50125111376,1733048,HYPE 6588,A20
50125112689,1733048,HYPE 6588,A20
50125117073,1049716,FORD 5716,A20
50125119225,1733102,SCHL 5161,A20
50125120665,1733212,SCHL 5039,A20
50125123479,1053549,GE V 8549,A20
50125124023,1733048,HYPE 6588,A20
50125124069,1176121,BAKE 5121,A20
50125126048,1733215,SIEM 0766,A20
50125126817,1733422,TEXA 2921,A20
50125128471,1297839,LUME 7839,A10
50125128707,1733102,SCHL 5161,A20
50125130423,1733102,SCHL 5161,A20
50125132861,1049716,FORD 5716,A20
50125138783,1176121,BAKE 5121,A20
50125139380,1733212,SCHL 5039,A20
50125140309,1733212,SCHL 5039,A20
50125150709,1733102,SCHL 5161,A20
50125151122,1733215,SIEM 0766,A20
50125151123,1733215,SIEM 0766,A20
50125151124,1733215,SIEM 0766,A20
50125153528,1733102,SCHL 5161,A20
50125153894,1733102,SCHL 5161,A20
50125153898,1733102,SCHL 5161,A20
50125153901,1733102,SCHL 5161,A20
50125154348,1733212,SCHL 5039,A20
50125154440,1733215,SIEM 0766,A20
50125162159,1733048,HYPE 6588,A20
50125163733,1297839,LUME 7839,A10
50125165132,1733600,JABI 4501,A20
50125165134,1733600,JABI 4501,A20
50125165803,1733102,SCHL 5161,A20
50125165846,1733600,JABI 4501,A20
50125165848,1733600,JABI 4501,A20
50125166276,1733212,SCHL 5039,A20
50125166283,1733212,SCHL 5039,A20
50125166529,1733600,JABI 4501,A20
50125169539,1733212,SCHL 5039,A20
50125169933,1733466,AMAZ 7577,A20
50125171181,1733212,SCHL 5039,A20
50125173740,1733102,SCHL 5161,A20
50125174494,1733215,SIEM 0766,A20
50125175835,1733215,SIEM 0766,A20
50125177195,1733212,SCHL 5039,A20
50125177197,1733212,SCHL 5039,A20
50125180263,1733048,HYPE 6588,A20
50125180502,1733048,HYPE 6588,A20
50125183829,1733600,JABI 4501,A20
50125184600,1733212,SCHL 5039,A20
50125185101,1733212,SCHL 5039,A20
50125185103,1733212,SCHL 5039,A20
50125188339,1176121,BAKE 5121,A20
50125193959,1049716,FORD 5716,A20
50125198525,1733215,SIEM 0766,A20
50125200681,1733422,TEXA 2921,A20
50125200687,1733422,TEXA 2921,A20
50125208479,1733102,SCHL 5161,A20
50125208488,1733048,HYPE 6588,A20
50125211127,1297839,LUME 7839,A10
50125211138,1733212,SCHL 5039,A20
50125211722,1733212,SCHL 5039,A20
50125211724,1733212,SCHL 5039,A20
50125211740,1733048,HYPE 6588,A20
50125211745,1733048,HYPE 6588,A20
50125213313,1733422,TEXA 2921,A20
50125213755,1733215,SIEM 0766,A20
50125224149,1733102,SCHL 5161,A20
50125226891,1176121,BAKE 5121,A20
50125227599,1733212,SCHL 5039,A20
50125227640,1733215,SIEM 0766,A20
50125227641,1176121,BAKE 5121,A20
50125241526,1733212,SCHL 5039,A20
50125241933,1297839,LUME 7839,A10
50125242023,1733212,SCHL 5039,A20
50125243434,1733048,HYPE 6588,A20
50125246882,1733378,Inno 7355,A20
50125246893,1733378,Inno 7355,A20
50125248163,1733215,SIEM 0766,A20
50125250292,1176121,BAKE 5121,A20
50125255873,1733215,SIEM 0766,A20
50125255903,1733212,SCHL 5039,A20
50125271423,1053549,GE V 8549,A20
50125271426,1053549,GE V 8549,A20
50125271916,1053549,GE V 8549,A20
50125275117,1733048,HYPE 6588,A20
50125285471,1733289,UNIV 0114,A20
50125285490,1733644,NASA 5671,A20
50125290194,1220166,INTU 0166,A20
50125293520,1733212,SCHL 5039,A20
50125293522,1733212,SCHL 5039,A20
50125294287,1733511,TEXA 3018,A20
50125297042,1733212,SCHL 5039,A20
50125299030,1733422,TEXA 2921,A20
50125299035,1733422,TEXA 2921,A20
50125306129,1733201,SCHL 5055,A20
50125307554,1733422,TEXA 2921,A20
50125307563,1733422,TEXA 2921,A20
50125308957,1733289,UNIV 0114,A20
50125309022,1733212,SCHL 5039,A20
50125309148,1733215,SIEM 0766,A20
50125309726,1733048,HYPE 6588,A20
50125311421,1733289,UNIV 0114,A20
50125311557,1733212,SCHL 5039,A20
50125312137,1733422,TEXA 2921,A20
50125312645,1733215,SIEM 0766,A20
50125315940,1176121,BAKE 5121,A20
50125317170,1297839,LUME 7839,A10
50125318467,1733212,SCHL 5039,A20
50125321598,1297839,LUME 7839,A10
50125324685,1733212,SCHL 5039,A20
50125324686,1733048,HYPE 6588,A20
50125325828,1733212,SCHL 5039,A20
50125326738,1297839,LUME 7839,A10
50125330192,1297839,LUME 7839,A10
50125337347,1733688,NEWA 6901,A20
50125337828,1733212,SCHL 5039,A20
50125346921,1733201,SCHL 5055,A20
50125347601,1733212,SCHL 5039,A20
50125347602,1733212,SCHL 5039,A20
50125347605,1733212,SCHL 5039,A20
50125347709,1733215,SIEM 0766,A20
50125349550,1733212,SCHL 5039,A20
50125350005,1733215,SIEM 0766,A20
50125351059,1220166,INTU 0166,A20
50125351475,1733215,SIEM 0766,A20
50125353275,1733215,SIEM 0766,A20
50125354802,1733733,WAYM 9911,A20
50125355717,1733201,SCHL 5055,A20
50125356391,1733201,SCHL 5055,A20
50125356462,1733215,SIEM 0766,A20
50125356466,1733215,SIEM 0766,A20
50125358933,1733777,LIGH 9951,A20
50125360526,1297839,LUME 7839,A10
50125361567,1733212,SCHL 5039,A20
50125362224,1733289,UNIV 0114,A20
50125363709,1733422,TEXA 2921,A20
50125363713,1733048,HYPE 6588,A20
50125363732,1733212,SCHL 5039,A20
50125364510,1733048,HYPE 6588,A20
50125366159,1733212,SCHL 5039,A20
50125370723,1220166,INTU 0166,A20
50125372408,1733212,SCHL 5039,A20
50125375115,1733102,SCHL 5161,A20
50125375117,1733102,SCHL 5161,A20
50125375677,1297839,LUME 7839,A10
50125377828,1733201,SCHL 5055,A20
50125378308,1733102,SCHL 5161,A20
50125378309,1733102,SCHL 5161,A20
50125379560,1733212,SCHL 5039,A20
50125379563,1733212,SCHL 5039,A20
50125379631,1733422,TEXA 2921,A20
50125380405,1733422,TEXA 2921,A20
50125381863,1733212,SCHL 5039,A20
50125381864,1733212,SCHL 5039,A20
50125385495,1733212,SCHL 5039,A20
50125388773,1220166,INTU 0166,A20
50125389512,1733511,TEXA 3018,A20
50125390450,1733212,SCHL 5039,A20
50125390452,1733212,SCHL 5039,A20
50125392037,1733102,SCHL 5161,A20
50125395155,1176121,BAKE 5121,A20
50125395685,1733102,SCHL 5161,A20
50125395687,1733102,SCHL 5161,A20
50125398895,1733102,SCHL 5161,A20
50125398896,1733102,SCHL 5161,A20
50125399149,1913708,AURI 3708,A20
50125400006,1733378,Inno 7355,A20
50125401246,1733212,SCHL 5039,A20
50125402228,1176121,BAKE 5121,A20
50125403700,1733215,SIEM 0766,A20
50125407400,1220166,INTU 0166,A20
50125407987,1733822,GE V 8307,A10
50125411292,1297839,LUME 7839,A10
50125411299,1733102,SCHL 5161,A20
50125412823,1733102,SCHL 5161,A20
50125417862,1733212,SCHL 5039,A20
50125417865,1733212,SCHL 5039,A20
50125417868,1733212,SCHL 5039,A20
50125418564,1297839,LUME 7839,A10
50125419365,1733212,SCHL 5039,A20
50125419369,1733212,SCHL 5039,A20
50125420288,1733511,TEXA 3018,A20
50125428854,1220166,INTU 0166,A20
50125429766,1297839,LUME 7839,A10
50125430623,1733201,SCHL 5055,A20
50125430663,1733102,SCHL 5161,A20
50125431571,1733466,AMAZ 7577,A20
50125431639,1733733,WAYM 9911,A20
50125433245,1733102,SCHL 5161,A20
50125435316,1733422,TEXA 2921,A20
50125437884,1733378,Inno 7355,A20
50125438213,1297839,LUME 7839,A10
50125443070,1297839,LUME 7839,A10
50125444473,1733378,Inno 7355,A20
50125446565,1733212,SCHL 5039,A20
50125447821,1733201,SCHL 5055,A20
50125447825,1733201,SCHL 5055,A20
50125447927,1733215,SIEM 0766,A20
50125447929,1733215,SIEM 0766,A20
50125451230,1297839,LUME 7839,A10
50125453696,1733212,SCHL 5039,A20
50125453828,1733048,HYPE 6588,A20
50125454617,1733733,WAYM 9911,A20
50125455688,1733215,SIEM 0766,A20
50125457831,1733215,SIEM 0766,A20
50125460319,1733048,HYPE 6588,A20
50125460333,1733201,SCHL 5055,A20
50125460971,1733466,AMAZ 7577,A20
50125461092,1913708,AURI 3708,A30
50125461237,1733212,SCHL 5039,A20
50125462654,1733422,TEXA 2921,A20
50125462825,1733466,AMAZ 7577,A20
50125462912,1733201,SCHL 5055,A20
50125465679,1733866,JOHN 1731,A20
50125466091,1733212,SCHL 5039,A20
50125468495,1733201,SCHL 5055,A20
50125468832,1733466,AMAZ 7577,A20
50125471636,1733102,SCHL 5161,A20
50125471639,1733102,SCHL 5161,A20
50125472600,1733289,UNIV 0114,A20
50125472970,1733201,SCHL 5055,A20
50125473313,1220166,INTU 0166,A20
50125473683,1733289,UNIV 0114,A20
50125474244,1733466,AMAZ 7577,A20
50125474744,1733102,SCHL 5161,A20
50125477050,1297839,LUME 7839,A10
50125482199,1733466,AMAZ 7577,A20
50125484428,1733212,SCHL 5039,A20
50125484748,1733466,AMAZ 7577,A20
50125486048,1733466,AMAZ 7577,A20
50125487161,1733201,SCHL 5055,A20
50125488479,1733201,SCHL 5055,A20
50125488874,1733212,SCHL 5039,A20
50125491621,1733102,SCHL 5161,A20
50125492822,1733212,SCHL 5039,A20
50125495501,1733048,HYPE 6588,A20
50125497753,1733466,AMAZ 7577,A20
50125497938,1733102,SCHL 5161,A20
50125498533,1733201,SCHL 5055,A20
50125498635,1733866,JOHN 1731,A20
50125501974,1733212,SCHL 5039,A20
50125502828,1733212,SCHL 5039,A20
50125503424,1733201,SCHL 5055,A20
50125504569,1733212,SCHL 5039,A20
50125505369,1733201,SCHL 5055,A20
50125508824,1733866,JOHN 1731,A20
50125509994,1733466,AMAZ 7577,A20
50125517113,1176121,BAKE 5121,A20
50125517115,1176121,BAKE 5121,A20
50125517117,1176121,BAKE 5121,A20
50125517120,1176121,BAKE 5121,A20
50125517123,1176121,BAKE 5121,A20
50125517126,1176121,BAKE 5121,A20
50125519817,1733212,SCHL 5039,A20
50125523491,1733866,JOHN 1731,A20
50125523493,1733866,JOHN 1731,A20
50125524973,1176121,BAKE 5121,A20
50125524977,1176121,BAKE 5121,A20
50125527347,1176121,BAKE 5121,A20
50125527443,1733466,AMAZ 7577,A20
50125531649,1733511,TEXA 3018,A20
50125534610,1733733,WAYM 9911,A20
50125537556,1176121,BAKE 5121,A20
50125537602,1733201,SCHL 5055,A20
50125538254,1220166,INTU 0166,A20
50125540455,1733212,SCHL 5039,A20
50125550589,1733910,JABI 8891,A20
50125551111,1733048,HYPE 6588,A20
50125551587,1176121,BAKE 5121,A20
50125553039,1733212,SCHL 5039,A20
50125554778,1733212,SCHL 5039,A20
50125555844,1733212,SCHL 5039,A20
50125555847,1733212,SCHL 5039,A20
50125555848,1733212,SCHL 5039,A20
50125557626,1733048,HYPE 6588,A20
50125559889,1733422,TEXA 2921,A20
50125563027,1704101,MOLE 4101,A20
50125563548,1220166,INTU 0166,A20
50125563590,1704101,MOLE 4101,A20
50125565066,1733201,SCHL 5055,A20
50125565069,1733201,SCHL 5055,A20
50125565764,1176121,BAKE 5121,A20
50125566429,1297839,LUME 7839,A10
50125567305,1733201,SCHL 5055,A20
50125573379,1733212,SCHL 5039,A20
50125573385,1176121,BAKE 5121,A20
50125573387,1176121,BAKE 5121,A20
50125574062,1733289,UNIV 0114,A20
50125577262,1176121,BAKE 5121,A20
50125577264,1176121,BAKE 5121,A20
50125577393,1704101,MOLE 4101,A20
50125578452,1220166,INTU 0166,A20
50125578511,1733422,TEXA 2921,A20
50125578544,1733212,SCHL 5039,A20
50125581748,1297839,LUME 7839,A10
50125582591,1704101,MOLE 4101,A20
50125587314,1297839,LUME 7839,A10
50125589147,1733289,UNIV 0114,A20
50125590460,1733422,TEXA 2921,A20
50125590462,1733422,TEXA 2921,A20
50125590463,1733422,TEXA 2921,A20
50125590464,1733422,TEXA 2921,A20
50125590484,1733212,SCHL 5039,A20
50125595307,1733212,SCHL 5039,A20
50125595663,1733955,MAHL 2912,A20
50125597154,1704101,MOLE 4101,A20
50125597158,1704101,MOLE 4101,A20
50125601967,1704101,MOLE 4101,A20
50125603090,1220166,INTU 0166,A20
50125606923,1297839,LUME 7839,A10
50125607244,1733212,SCHL 5039,A20
50125611229,1733212,SCHL 5039,A20
50125611352,1733212,SCHL 5039,A20
50125612333,1733215,SIEM 0766,A20
50125612335,1733215,SIEM 0766,A20
50125613338,1733201,SCHL 5055,A20
50125616814,1733422,TEXA 2921,A20
50125617225,1733466,AMAZ 7577,A20
50125620825,1733212,SCHL 5039,A20
50125621369,1704101,MOLE 4101,A20
50125622758,1704101,MOLE 4101,A20
50125623431,1733289,UNIV 0114,A20
50125623508,1733212,SCHL 5039,A20
50125623547,1733215,SIEM 0766,A20
50125625481,1733466,AMAZ 7577,A20
50125627053,1733201,SCHL 5055,A20
50125627944,1733215,SIEM 0766,A20
50125629753,1733102,SCHL 5161,A20
50125630237,1733048,HYPE 6588,A20
50125630992,1733212,SCHL 5039,A20
50125631655,1704101,MOLE 4101,A20
50125634166,1704101,MOLE 4101,A20
50125634170,1704101,MOLE 4101,A20
50125636700,1733466,AMAZ 7577,A20
50125637248,1733466,AMAZ 7577,A20
50125639279,1733212,SCHL 5039,A20
50125639578,1733215,SIEM 0766,A20
50125640171,1733910,JABI 8891,A20
50125643426,1733048,HYPE 6588,A20
50125643705,1733378,Inno 7355,A20
50125643849,1704101,MOLE 4101,A20
50125644359,1733212,SCHL 5039,A20
50125644361,1733212,SCHL 5039,A20
50125645082,1733289,UNIV 0114,A20
50125645212,1704101,MOLE 4101,A20
50125647150,1733102,SCHL 5161,A20
50125648351,1220166,INTU 0166,A20
50125649496,1733910,JABI 8891,A20
50125652412,1704101,MOLE 4101,A20
50125652423,1733212,SCHL 5039,A20
50125652425,1733212,SCHL 5039,A20
50125652428,1733102,SCHL 5161,A20
50125652845,1733289,UNIV 0114,A20
50125653637,1704101,MOLE 4101,A20
50125654033,1733201,SCHL 5055,A20
50125654576,1733822,GE V 8307,A10
50125655956,1733212,SCHL 5039,A20
50125655957,1704101,MOLE 4101,A20
50125657661,1733212,SCHL 5039,A20
50125658041,1733201,SCHL 5055,A20
50125658404,1733102,SCHL 5161,A20
50125659893,1733212,SCHL 5039,A20
50125660974,1176121,BAKE 5121,A20
50125660975,1176121,BAKE 5121,A20
50125661699,1733048,HYPE 6588,A20
50125665573,1733212,SCHL 5039,A20
50125665636,1733422,TEXA 2921,A20
50125667668,1733422,TEXA 2921,A20
50125667758,1704101,MOLE 4101,A20
50125670027,1176121,BAKE 5121,A20
50125674843,1220166,INTU 0166,A20
50125675038,1733289,UNIV 0114,A20
50125675336,1733048,HYPE 6588,A20
50125676813,1733212,SCHL 5039,A20
50125678574,1704101,MOLE 4101,A20
50125679676,1733212,SCHL 5039,A20
50125681251,1704101,MOLE 4101,A20
50125681253,1704101,MOLE 4101,A20
50125683155,1733999,D-WA 0892,A10
50125683532,1704101,MOLE 4101,A20
50125683535,1704101,MOLE 4101,A20
50125685744,1297839,LUME 7839,A10
50125686742,1733048,HYPE 6588,A20
50125688475,1297839,LUME 7839,A10
50125688508,1733212,SCHL 5039,A20
50125688948,1733212,SCHL 5039,A20
50125688950,1733212,SCHL 5039,A20
50125689013,1704101,MOLE 4101,A20
50125690729,1733466,AMAZ 7577,A20
50125690902,1733212,SCHL 5039,A20
50125694360,1733466,AMAZ 7577,A20
50125695264,1704101,MOLE 4101,A20
50125695266,1704101,MOLE 4101,A20
50125695270,1733212,SCHL 5039,A20
50125695339,1733212,SCHL 5039,A20
50125697113,1733466,AMAZ 7577,A20
50125697432,1733466,AMAZ 7577,A20
50125698395,1704101,MOLE 4101,A20
50125703136,1733102,SCHL 5161,A20
50125703883,1733212,SCHL 5039,A20
50125703886,1733212,SCHL 5039,A20
50125706463,1733201,SCHL 5055,A20
50125708016,1704101,MOLE 4101,A20
50125708022,1704101,MOLE 4101,A20
50125708966,1733212,SCHL 5039,A20
50125709616,1704101,MOLE 4101,A20
50125710904,1220166,INTU 0166,A20
50125711530,1733215,SIEM 0766,A20
50125713098,1704101,MOLE 4101,A20
50125713100,1704101,MOLE 4101,A20
50125713142,1733215,SIEM 0766,A20
50125717066,1913708,AURI 3708,A20
50125717491,1704101,MOLE 4101,A20
50125717494,1704101,MOLE 4101,A20
50125717496,1704101,MOLE 4101,A20
50125718156,1704101,MOLE 4101,A20
50125718467,1704101,MOLE 4101,A20
50125718482,1733212,SCHL 5039,A20
50125721487,1704101,MOLE 4101,A20
50125721491,1704101,MOLE 4101,A20
50125721494,1704101,MOLE 4101,A20
50125723520,1704101,MOLE 4101,A20
50125723523,1704101,MOLE 4101,A20
50125723581,1913708,AURI 3708,A20
50125725061,1704101,MOLE 4101,A20
50125726656,1733212,SCHL 5039,A20
50125726658,1733212,SCHL 5039,A20
50125726692,1704101,MOLE 4101,A20
50125727072,1733212,SCHL 5039,A20
50125727564,1733212,SCHL 5039,A20
50125727590,1733048,HYPE 6588,A20
50125727691,1733102,SCHL 5161,A20
50125729229,1733201,SCHL 5055,A20
50125729247,1704101,MOLE 4101,A20
50125729465,1733212,SCHL 5039,A20
50125729469,1733212,SCHL 5039,A20
50125729478,1733048,HYPE 6588,A20
50125729480,1733048,HYPE 6588,A20
50125731981,1704101,MOLE 4101,A20
50125733064,1733201,SCHL 5055,A20
50125733069,1733201,SCHL 5055,A20
50125734215,1297839,LUME 7839,A10
50125734362,1733201,SCHL 5055,A20
50125734776,1733289,UNIV 0114,A20
50125736304,1733212,SCHL 5039,A20
50125736319,1733422,TEXA 2921,A20
50125736783,1733215,SIEM 0766,A20
50125737540,1733212,SCHL 5039,A20
50125739764,1297839,LUME 7839,A10
50125739765,1297839,LUME 7839,A10
50125740791,1733866,JOHN 1731,A20
50125740793,1733866,JOHN 1731,A20
50125740795,1733866,JOHN 1731,A20
50125741080,1733048,HYPE 6588,A20
50125744118,1733866,JOHN 1731,A20
50125744544,1913708,AURI 3708,A20
50125745311,1913708,AURI 3708,A20
50125745312,1913708,AURI 3708,A20
50125746714,1220166,INTU 0166,A20
50125747323,1733215,SIEM 0766,A20
50125747325,1733215,SIEM 0766,A20
50125747326,1733215,SIEM 0766,A20
50125747327,1733215,SIEM 0766,A20
50125748182,1733866,JOHN 1731,A20
50125750458,1704101,MOLE 4101,A20
50125753349,1733600,JABI 4501,A20
50125756160,1704101,MOLE 4101,A20
50125756881,1733212,SCHL 5039,A20
50125757604,1733212,SCHL 5039,A20
50125759622,1733201,SCHL 5055,A20
50125762229,1053549,GE V 8549,A20
50125764057,1733212,SCHL 5039,A20
50125766472,1733212,SCHL 5039,A20
50125766632,1733866,JOHN 1731,A20
50125769330,1391333,BLUE 1333,A20
50125769353,1733212,SCHL 5039,A20
50125770029,1733048,HYPE 6588,A20
50125770252,1733866,JOHN 1731,A20
50125770649,1704101,MOLE 4101,A20
50125772612,1704101,MOLE 4101,A20
50125773089,1733201,SCHL 5055,A20
50125776556,1417746,IBM  7746,A10
50125776636,1733378,Inno 7355,A20
50125780468,1220166,INTU 0166,A20
50125781129,1220166,INTU 0166,A20
50125783001,1733212,SCHL 5039,A20
50125783002,1733212,SCHL 5039,A20
50125784553,1733212,SCHL 5039,A20
50125790213,1733466,AMAZ 7577,A20
50125790270,1733212,SCHL 5039,A20
50125790279,1733102,SCHL 5161,A20
50125790617,1176121,BAKE 5121,A20
50125791445,1733466,AMAZ 7577,A20
50125792502,1733422,TEXA 2921,A20
50125795497,1049716,FORD 5716,A20
50125796117,1733102,SCHL 5161,A20
50125796118,1733102,SCHL 5161,A20
50125796967,1733422,TEXA 2921,A20
50125797032,1733212,SCHL 5039,A20
50125797034,1733212,SCHL 5039,A20
50125797040,1176121,BAKE 5121,A20
50125797050,1733048,HYPE 6588,A20
50125798914,1049716,FORD 5716,A20
50125799700,1733422,TEXA 2921,A20
50125799704,1733422,TEXA 2921,A20
50125799710,1733212,SCHL 5039,A20
50125800323,1176121,BAKE 5121,A20
50125800327,1176121,BAKE 5121,A20
50125800329,1176121,BAKE 5121,A20
50125800742,1733289,UNIV 0114,A20
50125801394,1733289,UNIV 0114,A20
50125802091,1049716,FORD 5716,A20
50125802125,1593948,KGS  5500,A20
50125802697,1053549,GE V 8549,A20
50125802807,1049716,FORD 5716,A20
50125803049,1733212,SCHL 5039,A20
50125804866,1733102,SCHL 5161,A20
50125804982,1733212,SCHL 5039,A20
50125805619,1733201,SCHL 5055,A20
50125808631,1704101,MOLE 4101,A20
50125810045,1733289,UNIV 0114,A20
50125812192,1733212,SCHL 5039,A20
50125814328,1733215,SIEM 0766,A20
50125814331,1733215,SIEM 0766,A20
50125814333,1733215,SIEM 0766,A20
50125816867,1704101,MOLE 4101,A20
50125816970,1733048,HYPE 6588,A20
50125818456,1733212,SCHL 5039,A20
50125819224,1733212,SCHL 5039,A20
50125819599,1220166,INTU 0166,A20
50125822224,1733212,SCHL 5039,A20
50125822768,1733289,UNIV 0114,A20
50125825529,1733212,SCHL 5039,A20
50125826305,1391333,BLUE 1333,A20
50125826434,1733212,SCHL 5039,A20
50125827127,1733378,Inno 7355,A20
50125828201,1733212,SCHL 5039,A20
50125828205,1733212,SCHL 5039,A20
50125828206,1733212,SCHL 5039,A20
50125828208,1733212,SCHL 5039,A20
50125829059,1176121,BAKE 5121,A20
50125830310,1733378,Inno 7355,A20
50125830490,1733466,AMAZ 7577,A20
50125833669,1733289,UNIV 0114,A20
50125833769,1733212,SCHL 5039,A20
50125833772,1733201,SCHL 5055,A20
50125835572,1176121,BAKE 5121,A20
50125835574,1176121,BAKE 5121,A20
50125837256,1733102,SCHL 5161,A20
50125839728,1733511,TEXA 3018,A20
50125839964,1733201,SCHL 5055,A20
50125840649,1049716,FORD 5716,A20
50125841292,1733422,TEXA 2921,A20
50125842091,1417746,IBM  7746,A10
50125842401,1733212,SCHL 5039,A20
50125843653,1733201,SCHL 5055,A20
50125843787,1733212,SCHL 5039,A20
50125844341,1733212,SCHL 5039,A20
50125844411,1733511,TEXA 3018,A20
50125844416,1733048,HYPE 6588,A20
50125846464,1733289,UNIV 0114,A20
50125846831,1733212,SCHL 5039,A20
50125849639,1734044,SIEM 7346,A20
50125851773,1733201,SCHL 5055,A20
50125852456,1417746,IBM  7746,A10
50125852457,1417746,IBM  7746,A10
50125855135,1391333,BLUE 1333,A20
50125859655,1733866,JOHN 1731,A20
50125859829,1913708,AURI 3708,A20
50125864149,1733866,JOHN 1731,A20
50125867031,1297839,LUME 7839,A10
50125867624,1733201,SCHL 5055,A20
50125869622,1733212,SCHL 5039,A20
50125869625,1733212,SCHL 5039,A20
50125869628,1733212,SCHL 5039,A20
50125870787,1733212,SCHL 5039,A20
50125871427,1733466,AMAZ 7577,A20
50125873900,1733466,AMAZ 7577,A20
50125874023,1733289,UNIV 0114,A20
50125874125,1733212,SCHL 5039,A20
50125874882,1733289,UNIV 0114,A20
50125874948,1734044,SIEM 7346,A20
50125874949,1733212,SCHL 5039,A20
50125875436,1733212,SCHL 5039,A20
50125875469,1733511,TEXA 3018,A20
50125878904,1733212,SCHL 5039,A20
50125879785,1733215,SIEM 0766,A20
50125879786,1733215,SIEM 0766,A20
50125879877,1733212,SCHL 5039,A20
50125879880,1733212,SCHL 5039,A20
50125880294,1733212,SCHL 5039,A20
50125881002,1913708,AURI 3708,A20
50125883745,1733102,SCHL 5161,A20
50125884030,1391333,BLUE 1333,A20
50125884588,1734044,SIEM 7346,A20
50125884589,1733215,SIEM 0766,A20
50125885996,1733212,SCHL 5039,A20
50125885999,1733212,SCHL 5039,A20
50125890188,1733201,SCHL 5055,A20
50125890817,1733212,SCHL 5039,A20
50125891369,1733866,JOHN 1731,A20
50125892143,1733102,SCHL 5161,A20
50125892387,1733048,HYPE 6588,A20
50125896994,1733212,SCHL 5039,A20
50125896998,1733212,SCHL 5039,A20
50125898557,1733201,SCHL 5055,A20
50125898777,1733212,SCHL 5039,A20
50125899864,1053549,GE V 8549,A20
50125899868,1053549,GE V 8549,A20
50125902543,1733466,AMAZ 7577,A20
50125903447,1733201,SCHL 5055,A20
50125904451,1913708,AURI 3708,A20
50125904953,1733466,AMAZ 7577,A20
50125906315,1733215,SIEM 0766,A20
50125908644,1733212,SCHL 5039,A20
50125908754,1733212,SCHL 5039,A20
50125908857,1733201,SCHL 5055,A20
50125908912,1733102,SCHL 5161,A20
50125908913,1733102,SCHL 5161,A20
50125910214,1176121,BAKE 5121,A20
50125911212,1733102,SCHL 5161,A20
50125911535,1733466,AMAZ 7577,A20
50125912491,1733866,JOHN 1731,A20
50125916145,1733212,SCHL 5039,A20
50125917633,1733212,SCHL 5039,A20
50125917635,1733212,SCHL 5039,A20
50125917638,1733212,SCHL 5039,A20
50125917639,1733212,SCHL 5039,A20
50125917643,1733212,SCHL 5039,A20
50125919310,1297839,LUME 7839,A10
50125919648,1733422,TEXA 2921,A20
50125919658,1733422,TEXA 2921,A20
50125919792,1733048,HYPE 6588,A20
50125920655,1733048,HYPE 6588,A20
50125921261,1733102,SCHL 5161,A20
50125922171,1391333,BLUE 1333,A20
50125922253,1733215,SIEM 0766,A20
50125922262,1733102,SCHL 5161,A20
50125922265,1733102,SCHL 5161,A20
50125922828,1297839,LUME 7839,A10
50125925859,1297839,LUME 7839,A10
50125929451,1733212,SCHL 5039,A20
50125929476,1733511,TEXA 3018,A20
50125930121,1733201,SCHL 5055,A20
50125930125,1733201,SCHL 5055,A20
50125935600,1733511,TEXA 3018,A20
50125935634,1733201,SCHL 5055,A20
50125936976,1297839,LUME 7839,A10
50125937012,1734044,SIEM 7346,A20
50125937177,1913708,AURI 3708,A20
50125937434,1733378,Inno 7355,A20
50125939491,1733201,SCHL 5055,A20
50125939493,1733201,SCHL 5055,A20
50125939919,1734044,SIEM 7346,A20
50125939921,1734044,SIEM 7346,A20
50125939922,1733212,SCHL 5039,A20
50125943974,1297839,LUME 7839,A10
50125944342,1733201,SCHL 5055,A20
50125944375,1297839,LUME 7839,A10
50125945028,1220166,INTU 0166,A20
50125945101,1733212,SCHL 5039,A20
50125945102,1733212,SCHL 5039,A20
50125945401,1053549,GE V 8549,A20
50125945779,1733212,SCHL 5039,A20
50125946986,1391333,BLUE 1333,A20
50125946988,1391333,BLUE 1333,A20
50125946993,1391333,BLUE 1333,A20
50125947052,1733212,SCHL 5039,A20
50125947096,1733215,SIEM 0766,A20
50125948046,1733378,Inno 7355,A20
50125949467,1391333,BLUE 1333,A20
50125949469,1391333,BLUE 1333,A20
50125949488,1733102,SCHL 5161,A20
50125951216,1733201,SCHL 5055,A20
50125951919,1733048,HYPE 6588,A20
50125959416,1297839,LUME 7839,A10
50125959478,1733212,SCHL 5039,A20
50125959526,1733215,SIEM 0766,A20
50125959530,1733215,SIEM 0766,A20
50125960024,1733201,SCHL 5055,A20
50125961354,1220166,INTU 0166,A20
50125963055,1733201,SCHL 5055,A20
50125964298,1733212,SCHL 5039,A20
50125964299,1733212,SCHL 5039,A20
50125964472,1733378,Inno 7355,A20
50125967395,1733289,UNIV 0114,A20
50125967731,1733212,SCHL 5039,A20
50125967929,1733201,SCHL 5055,A20
50125968275,1733212,SCHL 5039,A20
50125968276,1733212,SCHL 5039,A20
50125968277,1733212,SCHL 5039,A20
50125972490,1733289,UNIV 0114,A20
50125972544,1733048,HYPE 6588,A20
50125973252,1733378,Inno 7355,A20
50125974113,1733466,AMAZ 7577,A20
50125974562,1733102,SCHL 5161,A20
50125974610,1733048,HYPE 6588,A20
50125975018,1391333,BLUE 1333,A20
50125975022,1391333,BLUE 1333,A20
50125975125,1733215,SIEM 0766,A20
50125975564,1733466,AMAZ 7577,A20
50125976560,1734044,SIEM 7346,A20
50125976995,1220166,INTU 0166,A20
50125978273,1733201,SCHL 5055,A20
50125978304,1734044,SIEM 7346,A20
50125979065,1733378,Inno 7355,A20
50125980641,1733102,SCHL 5161,A20
50125986052,1733212,SCHL 5039,A20
50125986278,1391333,BLUE 1333,A20
50125986386,1053549,GE V 8549,A20
50125986390,1053549,GE V 8549,A20
50125986793,1593948,KGS  5500,A20
50125988449,1733212,SCHL 5039,A20
50125988451,1733212,SCHL 5039,A20
50125989486,1733289,UNIV 0114,A20
50125989547,1297839,LUME 7839,A10
50125989817,1733201,SCHL 5055,A20
50125990282,1391333,BLUE 1333,A20
50125990350,1733333,UNIO 7575,A20
50125991262,1733212,SCHL 5039,A20
50125991813,1733212,SCHL 5039,A20
50125992310,1913708,AURI 3708,A20
50125992569,1733466,AMAZ 7577,A20
50125992570,1733466,AMAZ 7577,A20
50125994260,1733102,SCHL 5161,A20
50125996266,1733212,SCHL 5039,A20
50125996269,1733212,SCHL 5039,A20
50125996272,1733212,SCHL 5039,A20
50125997110,1733466,AMAZ 7577,A20
50125997544,1220166,INTU 0166,A20
50125997666,1733201,SCHL 5055,A20
50125997670,1733201,SCHL 5055,A20
50125997674,1733201,SCHL 5055,A20
50126000862,1733212,SCHL 5039,A20
50126002535,1733201,SCHL 5055,A20
50126004168,1733422,TEXA 2921,A20
50126004216,1733212,SCHL 5039,A20
50126005131,1734044,SIEM 7346,A20
50126005478,1733422,TEXA 2921,A20
50126005596,1733201,SCHL 5055,A20
50126005859,1733378,Inno 7355,A20
50126005860,1733378,Inno 7355,A20
50126005863,1733378,Inno 7355,A20
50126005869,1733378,Inno 7355,A20
50126013405,1733201,SCHL 5055,A20
50126013673,1176121,BAKE 5121,A20
50126014471,1733511,TEXA 3018,A20
50126014487,1733212,SCHL 5039,A20
50126015083,1733212,SCHL 5039,A20
50126016307,1734044,SIEM 7346,A20
50126018024,1733212,SCHL 5039,A20
50126020757,1733201,SCHL 5055,A20
50126021039,1733212,SCHL 5039,A20
50126022560,1733201,SCHL 5055,A20
50126024926,1220166,INTU 0166,A20
50126025738,1734044,SIEM 7346,A20
50126034135,1733212,SCHL 5039,A20
50126034137,1733212,SCHL 5039,A20
50126034832,1733212,SCHL 5039,A20
50126039887,1733600,JABI 4501,A20
50126042328,1734044,SIEM 7346,A20
50126043046,1733212,SCHL 5039,A20
50126043301,1733212,SCHL 5039,A20
50126043720,1733201,SCHL 5055,A20
50126044894,1733333,UNIO 7575,A20
50126045240,1733212,SCHL 5039,A20
50126045241,1733212,SCHL 5039,A20
50126045535,1734044,SIEM 7346,A20
50126048321,1733215,SIEM 0766,A20
50126049014,1733048,HYPE 6588,A20
50126050505,1733212,SCHL 5039,A20
50126051613,1734088,CADE 5238,A30
50126052348,1053549,GE V 8549,A20
50126052746,1733212,SCHL 5039,A20
50126053056,1220166,INTU 0166,A20
50126056793,1733102,SCHL 5161,A20
50126056796,1733102,SCHL 5161,A20
50126058523,1733201,SCHL 5055,A20
50126059864,1733378,Inno 7355,A20
50126059876,1733378,Inno 7355,A20
50126059884,1733378,Inno 7355,A20
50126060561,1733212,SCHL 5039,A20
50126061270,1733102,SCHL 5161,A20
50126062545,1049716,FORD 5716,A20
50126063193,1220166,INTU 0166,A20
50126063196,1391333,BLUE 1333,A20
50126063406,1733378,Inno 7355,A20
50126063847,1391333,BLUE 1333,A20
50126066008,1734044,SIEM 7346,A20
50126066011,1734044,SIEM 7346,A20
50126066014,1734044,SIEM 7346,A20
50126073075,1734044,SIEM 7346,A20
50126073499,1220166,INTU 0166,A20
50126073588,1176121,BAKE 5121,A20
50126074073,1734044,SIEM 7346,A20
50126074288,1733466,AMAZ 7577,A20
50126075784,1733212,SCHL 5039,A20
50126076736,1733466,AMAZ 7577,A20
50126078001,1733212,SCHL 5039,A20
50126080883,1733466,AMAZ 7577,A20
50126080885,1733466,AMAZ 7577,A20
50126080997,1734132,INTE 1674,A20
50126081520,1733866,JOHN 1731,A20
50126081997,1733201,SCHL 5055,A20
50126090984,1734044,SIEM 7346,A20
50126090989,1734044,SIEM 7346,A20
50126090990,1734044,SIEM 7346,A20
50126091973,1733422,TEXA 2921,A20
50126092012,1913708,AURI 3708,A20
50126092414,1733422,TEXA 2921,A20
50126092417,1733422,TEXA 2921,A20
50126092423,1733422,TEXA 2921,A20
50126097259,1733212,SCHL 5039,A20
50126097261,1733212,SCHL 5039,A20
50126098543,1220166,INTU 0166,A20
50126102258,1733212,SCHL 5039,A20
50126102260,1733212,SCHL 5039,A20
50126102263,1733201,SCHL 5055,A20
50126102581,1734044,SIEM 7346,A20
50126104287,1733102,SCHL 5161,A20
50126106155,1733466,AMAZ 7577,A20
50126106245,1733201,SCHL 5055,A20
50126107912,1733289,UNIV 0114,A20
50126107978,1733212,SCHL 5039,A20
50126110716,1176121,BAKE 5121,A20
50126111764,1733466,AMAZ 7577,A20
50126112367,1733102,SCHL 5161,A20
50126115078,1733215,SIEM 0766,A20
50126115080,1733215,SIEM 0766,A20
50126115547,1733212,SCHL 5039,A20
50126115620,1733215,SIEM 0766,A20
50126115941,1220166,INTU 0166,A20
50126116134,1733212,SCHL 5039,A20
50126116852,1297839,LUME 7839,A10
50126118262,1733215,SIEM 0766,A20
50126118991,1733212,SCHL 5039,A20
50126118992,1733212,SCHL 5039,A20
50126119135,1733201,SCHL 5055,A20
50126119322,1733215,SIEM 0766,A20
50126120261,1733212,SCHL 5039,A20
50126121533,1733201,SCHL 5055,A20
50126123566,1734044,SIEM 7346,A20
50126124464,1913708,AURI 3708,A30
50126126465,1733466,AMAZ 7577,A20
50126127770,1733212,SCHL 5039,A20
50126127772,1733212,SCHL 5039,A20
50126129843,1734044,SIEM 7346,A20
50126130009,1733466,AMAZ 7577,A20
50126132198,1391333,BLUE 1333,A20
50126132199,1391333,BLUE 1333,A20
50126132200,1391333,BLUE 1333,A20
50126133740,1733201,SCHL 5055,A20
50126134623,1733466,AMAZ 7577,A20
50126134624,1733466,AMAZ 7577,A20
50126135003,1391333,BLUE 1333,A20
50126135028,1733422,TEXA 2921,A20
50126135921,1733422,TEXA 2921,A20
50126136313,1733102,SCHL 5161,A20
50126136803,1297839,LUME 7839,A10
50126139238,1391333,BLUE 1333,A20
50126139241,1391333,BLUE 1333,A20
50126139244,1391333,BLUE 1333,A20
50126139476,1733466,AMAZ 7577,A20
50126139830,1733201,SCHL 5055,A20
50126140648,1733215,SIEM 0766,A20
50126140651,1733215,SIEM 0766,A20
50126142247,1733212,SCHL 5039,A20
50126146638,1220166,INTU 0166,A20
50126146694,1733102,SCHL 5161,A20
50126147656,1733215,SIEM 0766,A20
50126147791,1733215,SIEM 0766,A20
50126147839,1734044,SIEM 7346,A20
50126150118,1733212,SCHL 5039,A20
50126150989,1733212,SCHL 5039,A20
50126150993,1733212,SCHL 5039,A20
50126151364,1733212,SCHL 5039,A20
50126151898,1733102,SCHL 5161,A20
50126151904,1733102,SCHL 5161,A20
50126151995,1733201,SCHL 5055,A20
50126152284,1733102,SCHL 5161,A20
50126152869,1733212,SCHL 5039,A20
50126152905,1913708,AURI 3708,A20
50126153706,1391333,BLUE 1333,A20
50126153708,1391333,BLUE 1333,A20
50126154862,1733466,AMAZ 7577,A20
50126157034,1733102,SCHL 5161,A20
50126157035,1733102,SCHL 5161,A20
50126159885,1733201,SCHL 5055,A20
50126160976,1176121,BAKE 5121,A20
50126163847,1391333,BLUE 1333,A20
50126164521,1733466,AMAZ 7577,A20
50126165380,1733333,UNIO 7575,A20
50126166769,1734177,TELO 6987,A20
50126169443,1733212,SCHL 5039,A20
50126169446,1733212,SCHL 5039,A20
50126169938,1733212,SCHL 5039,A20
50126172106,1733822,GE V 8307,A10
50126184981,1176121,BAKE 5121,A20
50126186818,1391333,BLUE 1333,A20
50126202935,1220166,INTU 0166,A20
50126205474,1733201,SCHL 5055,A20
50126208536,1220166,INTU 0166,A20
50126212370,1733733,WAYM 9911,A20
50126214457,1734044,SIEM 7346,A20
50126214460,1734044,SIEM 7346,A20
50126215157,1391333,BLUE 1333,A20
50126215191,1733215,SIEM 0766,A20
50126217448,1734044,SIEM 7346,A20
50126223408,1220166,INTU 0166,A20
50126224337,1391333,BLUE 1333,A20
50126226240,1733466,AMAZ 7577,A20
50126227393,1733289,UNIV 0114,A20
50126228081,1734132,INTE 1674,A20
50126228381,1733466,AMAZ 7577,A20
50126228766,1733102,SCHL 5161,A20
50126232019,1734044,SIEM 7346,A20
50126233345,1733466,AMAZ 7577,A20
50126238946,1733466,AMAZ 7577,A20
50126239888,1391333,BLUE 1333,A20
50126241780,1733212,SCHL 5039,A20
50126244526,1733212,SCHL 5039,A20
50126245763,1220166,INTU 0166,A20
50126250441,1733733,WAYM 9911,A20
50126250525,1733466,AMAZ 7577,A20
50126250526,1733466,AMAZ 7577,A20
50126250566,1733215,SIEM 0766,A20
50126251510,1733378,Inno 7355,A20
50126251511,1733378,Inno 7355,A20
50126251839,1733466,AMAZ 7577,A20
50126252202,1734044,SIEM 7346,A20
50126254269,1176121,BAKE 5121,A20
50126254391,1297839,LUME 7839,A10
50126254620,1733212,SCHL 5039,A20
50126255996,1733866,JOHN 1731,A20
50126255997,1733866,JOHN 1731,A20
50126257790,1733378,Inno 7355,A20
50126257791,1733378,Inno 7355,A20
50126258234,1733212,SCHL 5039,A20
50126259333,1733511,TEXA 3018,A20
50126261094,1176121,BAKE 5121,A20
50126263670,1734221,DIAG 1352,A20
50126263991,1733212,SCHL 5039,A20
50126265554,1391333,BLUE 1333,A20
50126265625,1733201,SCHL 5055,A20
50126265686,1733102,SCHL 5161,A20
50126267942,1297839,LUME 7839,A10
50126269142,1734044,SIEM 7346,A20
50126269668,1453786,UNIV 3786,A20
50126270300,1733289,UNIV 0114,A20
50126270381,1733215,SIEM 0766,A20
50126273871,1733212,SCHL 5039,A20
50126273874,1733212,SCHL 5039,A20
50126274065,1176121,BAKE 5121,A20
50126277873,1733212,SCHL 5039,A20
50126279506,1734044,SIEM 7346,A20
50126279510,1734044,SIEM 7346,A20
50126280657,1593948,KGS  5500,A20
50126288529,1733289,UNIV 0114,A20
50126288581,1733201,SCHL 5055,A20
50126295769,1733466,AMAZ 7577,A20
50126295771,1733466,AMAZ 7577,A20
50126297305,1733212,SCHL 5039,A20
50126297808,1733102,SCHL 5161,A20
50126299119,1734266,AMAZ 1311,A20
50126300870,1733866,JOHN 1731,A20
50126301944,1391333,BLUE 1333,A20
50126302897,1734044,SIEM 7346,A20
50126303345,1220166,INTU 0166,A20
50126304211,1733201,SCHL 5055,A20
50126304437,1297839,LUME 7839,A10
50126306204,1734310,EERO 3793,A20
50126306249,1733866,JOHN 1731,A20
50126307614,1176121,BAKE 5121,A20
50126307616,1176121,BAKE 5121,A20
50126307619,1176121,BAKE 5121,A20
50126307699,1733215,SIEM 0766,A20
50126311703,1297839,LUME 7839,A10
50126311942,1297839,LUME 7839,A10
50126311944,1297839,LUME 7839,A10
50126312128,1733215,SIEM 0766,A20
50126312376,1734044,SIEM 7346,A20
50126312571,1733215,SIEM 0766,A20
50126316135,1297839,LUME 7839,A10
50126316316,1733212,SCHL 5039,A20
50126323032,1733466,AMAZ 7577,A20
50126324753,1220166,INTU 0166,A20
50126324808,1733466,AMAZ 7577,A20
50126325792,1733212,SCHL 5039,A20
50126326881,1733378,Inno 7355,A20
50126330572,1733212,SCHL 5039,A20
50126331444,1297839,LUME 7839,A10
50126332117,1733212,SCHL 5039,A20
50126332122,1733212,SCHL 5039,A20
50126334176,1733201,SCHL 5055,A20
50126334178,1733201,SCHL 5055,A20
50126338320,1734132,INTE 1674,A20
50126338402,1220166,INTU 0166,A20
50126339621,1176121,BAKE 5121,A20
50126341936,1733212,SCHL 5039,A20
50126342502,1733102,SCHL 5161,A20
50126343981,1297839,LUME 7839,A10
50126344104,1733215,SIEM 0766,A20
50126351308,1733102,SCHL 5161,A20
50126351309,1733102,SCHL 5161,A20
50126353355,1733422,TEXA 2921,A20
50126353360,1733422,TEXA 2921,A20
50126354646,1391333,BLUE 1333,A20
50126354734,1733466,AMAZ 7577,A20
50126355642,1733102,SCHL 5161,A20
50126356281,1733212,SCHL 5039,A20
50126357721,1297839,LUME 7839,A10
50126357877,1733212,SCHL 5039,A20
50126360156,1733201,SCHL 5055,A20
50126360830,1733378,Inno 7355,A20
50126362834,1733866,JOHN 1731,A20
50126363632,1733215,SIEM 0766,A20
50126365473,1733212,SCHL 5039,A20
50126365476,1733212,SCHL 5039,A20
50126367873,1733212,SCHL 5039,A20
50126368610,1297839,LUME 7839,A10
50126369192,1297839,LUME 7839,A10
50126369193,1297839,LUME 7839,A10
50126381116,1176121,BAKE 5121,A20
50126381396,1733212,SCHL 5039,A20
50126384134,1391333,BLUE 1333,A20
50126386208,1733048,HYPE 6588,A20
50126389381,1733102,SCHL 5161,A20
50126390779,1733212,SCHL 5039,A20
50126392868,1733201,SCHL 5055,A20
50126394022,1297839,LUME 7839,A10
50126395187,1733212,SCHL 5039,A20
50126396125,1733215,SIEM 0766,A20
50126396420,1733212,SCHL 5039,A20
50126396421,1733212,SCHL 5039,A20
50126396424,1733212,SCHL 5039,A20
50126397317,1733866,JOHN 1731,A20
50126397608,1733212,SCHL 5039,A20
50126397636,1733422,TEXA 2921,A20
50126397747,1733215,SIEM 0766,A20
50126398358,1733289,UNIV 0114,A20
50126404579,1733215,SIEM 0766,A20
50126404847,1733212,SCHL 5039,A20
50126406266,1733212,SCHL 5039,A20
50126406268,1733212,SCHL 5039,A20
50126407821,1733466,AMAZ 7577,A20
50126408974,1733212,SCHL 5039,A20
50126408976,1733212,SCHL 5039,A20
50126409884,1297839,LUME 7839,A10
50126413217,1733212,SCHL 5039,A20
50126415971,1733102,SCHL 5161,A20
50126416069,1733215,SIEM 0766,A20
50126417057,1391333,BLUE 1333,A20
50126417058,1391333,BLUE 1333,A20
50126417171,1733215,SIEM 0766,A20
50126418313,1733212,SCHL 5039,A20
50126419831,1391333,BLUE 1333,A20
50126423933,1176121,BAKE 5121,A20
50126436285,1734044,SIEM 7346,A20
50126439148,1733102,SCHL 5161,A20
50126447996,1733212,SCHL 5039,A20
50126449279,1734044,SIEM 7346,A20
50126449282,1734044,SIEM 7346,A20
50126453776,1297839,LUME 7839,A10
50126458156,1733822,GE V 8307,A10
50126458157,1733822,GE V 8307,A10
50126458159,1733822,GE V 8307,A10
50126458695,1391333,BLUE 1333,A20
50126458699,1391333,BLUE 1333,A20
50126459492,1734354,BLOC 9694,A20
50126459797,1733866,JOHN 1731,A20
50126459798,1733866,JOHN 1731,A20
50126460125,1733201,SCHL 5055,A20
50126460129,1733201,SCHL 5055,A20
50126460196,1733048,HYPE 6588,A20
50126463133,1391333,BLUE 1333,A20
50126463557,1733212,SCHL 5039,A20
50126464555,1297839,LUME 7839,A10
50126467213,1733102,SCHL 5161,A20
50126469239,1733212,SCHL 5039,A20
50126470125,1733422,TEXA 2921,A20
50126470135,1733422,TEXA 2921,A20
50126475394,1391333,BLUE 1333,A20
50126475426,1733048,HYPE 6588,A20
50126475975,1391333,BLUE 1333,A20
50126475981,1391333,BLUE 1333,A20
50126476514,1733466,AMAZ 7577,A20
50126477282,1297839,LUME 7839,A10
50126478026,1391333,BLUE 1333,A20
50126478186,1733215,SIEM 0766,A20
50126479395,1391333,BLUE 1333,A20
50126479916,1733102,SCHL 5161,A20
50126481615,1733212,SCHL 5039,A20
50126483120,1913708,AURI 3708,A20
50126487101,1733212,SCHL 5039,A20
50126488749,1733212,SCHL 5039,A20
50126491943,1733201,SCHL 5055,A20
50126491944,1733201,SCHL 5055,A20
50126492658,1733600,JABI 4501,A20
50126494749,1220166,INTU 0166,A20
50126497339,1391333,BLUE 1333,A20
50126499392,1733215,SIEM 0766,A20
50126499874,1733212,SCHL 5039,A20
50126500550,1733866,JOHN 1731,A20
50126501084,1733215,SIEM 0766,A20
50126506980,1391333,BLUE 1333,A20
50126507002,1733215,SIEM 0766,A20
50126508220,1297839,LUME 7839,A10
50126508500,1230147,HALL 0147,A20
50126508509,1733866,JOHN 1731,A20
50126509145,1734399,TESL 0308,A30
50126509503,1733201,SCHL 5055,A20
50126509504,1733201,SCHL 5055,A20
50126509629,1733212,SCHL 5039,A20
50126509968,1391333,BLUE 1333,A20
50126511111,1733048,HYPE 6588,A20
50126511795,1230147,HALL 0147,A20
50126513164,1733466,AMAZ 7577,A20
50126516755,1734399,TESL 0308,A20
50126517281,1733212,SCHL 5039,A20
50126518099,1734399,TESL 0308,A30
50126520802,1391333,BLUE 1333,A20
50126522676,1733822,GE V 8307,A10
50126523922,1733212,SCHL 5039,A20
50126526073,1176121,BAKE 5121,A20
50126526285,1230147,HALL 0147,A20
50126526329,1391333,BLUE 1333,A20
50126526331,1391333,BLUE 1333,A20
50126526332,1391333,BLUE 1333,A20
50126526497,1733822,GE V 8307,A10
50126526499,1733822,GE V 8307,A10
50126526817,1391333,BLUE 1333,A20
50126528230,1391333,BLUE 1333,A20
50126529722,1733822,GE V 8307,A10
50126529743,1734399,TESL 0308,A20
50126529780,1176121,BAKE 5121,A20
50126531332,1733215,SIEM 0766,A20
50126534751,1733822,GE V 8307,A10
50126536344,1733201,SCHL 5055,A20
50126536346,1733201,SCHL 5055,A20
50126536618,1734399,TESL 0308,A20
50126537522,1733102,SCHL 5161,A20
50126538040,1733102,SCHL 5161,A20
50126540414,1733212,SCHL 5039,A20
50126540434,1733201,SCHL 5055,A20
50126541955,1734399,TESL 0308,A30
50126547292,1297839,LUME 7839,A10
50126547311,1734221,DIAG 1352,A20
50126549385,1176121,BAKE 5121,A20
50126551475,1733212,SCHL 5039,A20
50126552291,1733289,UNIV 0114,A20
50126553097,1733212,SCHL 5039,A20
50126554312,1733201,SCHL 5055,A20
50126555189,1734221,DIAG 1352,A20
50126559841,1734044,SIEM 7346,A20
50126561341,1734044,SIEM 7346,A20
50126561343,1734044,SIEM 7346,A20
50126562281,1391333,BLUE 1333,A20
50126562944,1733102,SCHL 5161,A20
50126564228,1733048,HYPE 6588,A20
50126565567,1391333,BLUE 1333,A20
50126565648,1733422,TEXA 2921,A20
50126565710,1733212,SCHL 5039,A20
50126566718,1733212,SCHL 5039,A20
50126567353,1733866,JOHN 1731,A20
50126569324,1391333,BLUE 1333,A20
50126569686,1733333,UNIO 7575,A20
50126572907,1733822,GE V 8307,A10
50126573939,1733201,SCHL 5055,A20
50126576163,1733201,SCHL 5055,A20
50126576408,1733215,SIEM 0766,A20
50126578181,1733466,AMAZ 7577,A20
50126581521,1913708,AURI 3708,A20
50126585190,1733212,SCHL 5039,A20
50126585924,1733215,SIEM 0766,A20
50126586227,1733048,HYPE 6588,A20
50126589471,1734044,SIEM 7346,A20
50126589769,1733212,SCHL 5039,A20
50126589771,1733212,SCHL 5039,A20
50126590363,1733102,SCHL 5161,A20
50126593263,1733102,SCHL 5161,A20
50126595239,1733212,SCHL 5039,A20
50126602291,1734044,SIEM 7346,A20
50126602295,1734044,SIEM 7346,A20
50126602299,1734044,SIEM 7346,A20
50126604824,1733212,SCHL 5039,A20
50126610510,1733212,SCHL 5039,A20
50126614862,1733822,GE V 8307,A10
50126614937,1733215,SIEM 0766,A20
50126615761,1593948,KGS  5500,A20
50126618763,1733511,TEXA 3018,A20
50126620035,1733201,SCHL 5055,A20
50126622118,1733378,Inno 7355,A20
50126622122,1733378,Inno 7355,A20
50126622129,1733378,Inno 7355,A20
50126622286,1733378,Inno 7355,A20
50126622289,1733378,Inno 7355,A20
50126622290,1733378,Inno 7355,A20
50126624275,1734399,TESL 0308,A20
50126626494,1733378,Inno 7355,A20
50126627354,1733866,JOHN 1731,A20
50126627620,1733201,SCHL 5055,A20
50126627816,1733212,SCHL 5039,A20
50126632238,1391333,BLUE 1333,A20
50126632801,1733201,SCHL 5055,A20
50126634708,1230147,HALL 0147,A20
50126635282,1733511,TEXA 3018,A20
50126635819,1733212,SCHL 5039,A20
50126639300,1297839,LUME 7839,A10
50126639511,1391333,BLUE 1333,A20
50126639542,1733212,SCHL 5039,A20
50126641198,1733212,SCHL 5039,A20
50126641998,1733201,SCHL 5055,A20
50126644017,1391333,BLUE 1333,A20
50126644429,1733212,SCHL 5039,A20
50126644435,1733212,SCHL 5039,A20
50126644436,1733212,SCHL 5039,A20
50126646259,1734354,BLOC 9694,A20
50126646562,1176121,BAKE 5121,A20
50126654041,1733201,SCHL 5055,A20
50126654422,1733378,Inno 7355,A20
50126654423,1733378,Inno 7355,A20
50126654577,1734221,DIAG 1352,A20
50126654749,1733102,SCHL 5161,A20
50126655065,1733048,HYPE 6588,A20
50126655391,1391333,BLUE 1333,A20
50126655568,1733212,SCHL 5039,A20
50126658185,1297839,LUME 7839,A10
50126662041,1734399,TESL 0308,A20
50126663625,1733378,Inno 7355,A20
50126663627,1733378,Inno 7355,A20
50126664314,1733201,SCHL 5055,A20
50126666273,1733102,SCHL 5161,A20
50126668833,1733102,SCHL 5161,A20
50126669508,1733866,JOHN 1731,A20
50126672849,1733511,TEXA 3018,A20
50126674197,1734044,SIEM 7346,A20
50126678361,1391333,BLUE 1333,A20
50126678364,1391333,BLUE 1333,A20
50126678367,1391333,BLUE 1333,A20
50126678530,1913708,AURI 3708,A20
50126679238,1734044,SIEM 7346,A20
50126680058,1733511,TEXA 3018,A20
50126680424,1733511,TEXA 3018,A20
50126681546,1391333,BLUE 1333,A20
50126681811,1733822,GE V 8307,A10
50126685430,1734044,SIEM 7346,A20
50126686172,1733102,SCHL 5161,A20
50126688860,1733215,SIEM 0766,A20
50126692463,1734354,BLOC 9694,A20
50126692830,1733201,SCHL 5055,A20
50126692905,1733102,SCHL 5161,A20
50126693744,1733201,SCHL 5055,A20
50126694400,1733378,Inno 7355,A20
50126694911,1733201,SCHL 5055,A20
50126695603,1733201,SCHL 5055,A20
50126696097,1734132,INTE 1674,A20
50126701717,1733378,Inno 7355,A20
50126703878,1733102,SCHL 5161,A20
50126705226,1733201,SCHL 5055,A20
50126705261,1733511,TEXA 3018,A20
50126708338,1733102,SCHL 5161,A20
50126709481,1733102,SCHL 5161,A20
50126712729,1733212,SCHL 5039,A20
50126716414,1733048,HYPE 6588,A20
50126718913,1733102,SCHL 5161,A20
50126722266,1176121,BAKE 5121,A20
50126723100,1733102,SCHL 5161,A20
50126723326,1733201,SCHL 5055,A20
50126726931,1176121,BAKE 5121,A20
50126732447,1733212,SCHL 5039,A20
50126735542,1733102,SCHL 5161,A20
50126736463,1734443,DRS  3266,A20
50126738552,1734044,SIEM 7346,A20
50126738553,1734044,SIEM 7346,A20
50126738675,1733215,SIEM 0766,A20
50126742527,1733102,SCHL 5161,A20
50126744182,1734044,SIEM 7346,A20
50126745021,1176121,BAKE 5121,A20
50126745649,1734044,SIEM 7346,A20
50126745653,1734044,SIEM 7346,A20
50126749091,1733511,TEXA 3018,A20
50126750096,1734044,SIEM 7346,A20
50126751329,1734044,SIEM 7346,A20
50126753691,1733201,SCHL 5055,A20
50126755132,1733201,SCHL 5055,A20
50126755286,1734044,SIEM 7346,A20
50126756844,1734044,SIEM 7346,A20
50126759634,1734266,AMAZ 1311,A20
50126759693,1733102,SCHL 5161,A20
50126759696,1733102,SCHL 5161,A20
50126761988,1734044,SIEM 7346,A20
50126761992,1734044,SIEM 7346,A20
50126761995,1734044,SIEM 7346,A20
50126762028,1733215,SIEM 0766,A20
50126764325,1734044,SIEM 7346,A20
50126764349,1297839,LUME 7839,A10
50126765563,1733866,JOHN 1731,A20
50126766683,1734488,ETHI 4028,A20
50126767626,1734044,SIEM 7346,A20
50126767629,1734044,SIEM 7346,A20
50126769156,1734044,SIEM 7346,A20
50126770172,1733866,JOHN 1731,A20
50126771457,1733822,GE V 8307,A10
50126771704,1733102,SCHL 5161,A20
50126771727,1733212,SCHL 5039,A20
50126771952,1734399,TESL 0308,A30
50126774426,1734488,ETHI 4028,A20
50126775456,1297839,LUME 7839,A10
50126776282,1593948,KGS  5500,A20
50126776560,1733048,HYPE 6588,A20
50126778065,1297839,LUME 7839,A10
50126781100,1733422,TEXA 2921,A20
50126781114,1733422,TEXA 2921,A20
50126781550,1733201,SCHL 5055,A20
50126783729,1733201,SCHL 5055,A20
50126788249,1734399,TESL 0308,A20
50126788757,1297839,LUME 7839,A10
50126791514,1733466,AMAZ 7577,A20
50126801485,1733212,SCHL 5039,A20
50126802752,1733212,SCHL 5039,A20
50126805613,1733378,Inno 7355,A20
50126807428,1733102,SCHL 5161,A20
50126807430,1733102,SCHL 5161,A20
50126808393,1734399,TESL 0308,A30
50126808921,1733201,SCHL 5055,A20
50126809733,1733822,GE V 8307,A10
50126817682,1734044,SIEM 7346,A20
50126821798,1733466,AMAZ 7577,A20
50126821902,1733201,SCHL 5055,A20
50126821906,1733201,SCHL 5055,A20
50126821981,1297839,LUME 7839,A10
50126827913,1734044,SIEM 7346,A20
50126831343,1049716,FORD 5716,A20
50126838516,1733212,SCHL 5039,A20
50126838518,1733212,SCHL 5039,A20
50126838658,1733201,SCHL 5055,A20
50126839014,1734044,SIEM 7346,A20
50126840638,1733215,SIEM 0766,A20
50126840672,1913708,AURI 3708,A20
50126840692,1297839,LUME 7839,A10
50126842550,1733289,UNIV 0114,A20
50126842653,1733422,TEXA 2921,A20
50126846310,1733466,AMAZ 7577,A20
50126846966,1733378,Inno 7355,A20
50126847206,1593948,KGS  5500,A20
50126851544,1733378,Inno 7355,A20
50126851545,1733378,Inno 7355,A20
50126851546,1733378,Inno 7355,A20
50126852477,1733466,AMAZ 7577,A20
50126854821,1297839,LUME 7839,A10
50126857257,1733212,SCHL 5039,A20
50126857421,1733511,TEXA 3018,A20
50126857887,1049716,FORD 5716,A20
50126857978,1733102,SCHL 5161,A20
50126862629,1733212,SCHL 5039,A20
50126864247,1733866,JOHN 1731,A20
50126866432,1734132,INTE 1674,A20
50126870408,1733511,TEXA 3018,A20
50126870411,1733201,SCHL 5055,A20
50126870453,1733102,SCHL 5161,A20
50126871189,1734221,DIAG 1352,A20
50126871367,1733201,SCHL 5055,A20
50126873899,1734399,TESL 0308,A20
50126874422,1733201,SCHL 5055,A20
50126875831,1733378,Inno 7355,A20
50126879039,1733215,SIEM 0766,A20
50126879872,1734399,TESL 0308,A20
50126879924,1733212,SCHL 5039,A20
50126881239,1734221,DIAG 1352,A20
50126884084,1734399,TESL 0308,A20
50126887492,1733102,SCHL 5161,A20
50126887514,1733215,SIEM 0766,A20
50126887517,1733215,SIEM 0766,A20
50126888750,1733511,TEXA 3018,A20
50126896227,1734044,SIEM 7346,A20
50126897076,1733511,TEXA 3018,A20
50126897288,1733511,TEXA 3018,A20
50126898181,1733212,SCHL 5039,A20
50126898185,1733212,SCHL 5039,A20
50126901458,1733201,SCHL 5055,A20
50126901460,1733201,SCHL 5055,A20
50126903825,1734399,TESL 0308,A20
50126904051,1733201,SCHL 5055,A20
50126905144,1733048,HYPE 6588,A20
50126905312,1734266,AMAZ 1311,A20
50126909352,1297839,LUME 7839,A10
50126913103,1733048,HYPE 6588,A20
50126914283,1733201,SCHL 5055,A20
50126915804,1297839,LUME 7839,A10
50126923518,1734488,ETHI 4028,A20
50126924107,1734399,TESL 0308,A20
50126924701,1734132,INTE 1674,A20
50126930248,1733048,HYPE 6588,A20
50126949596,1733201,SCHL 5055,A20
50126949599,1733201,SCHL 5055,A20
50126950645,1733201,SCHL 5055,A20
50126954008,1733212,SCHL 5039,A20
50126954164,1734399,TESL 0308,A20
50126956583,1733102,SCHL 5161,A20
50126956585,1733102,SCHL 5161,A20
50126957111,1733201,SCHL 5055,A20
50126960633,1733102,SCHL 5161,A20
50126962401,1297839,LUME 7839,A10
50126968007,1733201,SCHL 5055,A20
50126969155,1734399,TESL 0308,A20
50126969942,1733201,SCHL 5055,A20
50126976321,1733212,SCHL 5039,A20
50126976419,1733201,SCHL 5055,A20
50126976420,1733201,SCHL 5055,A20
50126977376,1297839,LUME 7839,A10
50126978259,1297839,LUME 7839,A10
50126979387,1297839,LUME 7839,A10
50126979603,1734044,SIEM 7346,A20
50126980359,1734044,SIEM 7346,A20
50126980362,1734044,SIEM 7346,A20
50126980364,1734044,SIEM 7346,A20
50126980472,1733102,SCHL 5161,A20
50126980473,1733102,SCHL 5161,A20
50126982500,1734044,SIEM 7346,A20
50126982503,1734044,SIEM 7346,A20
50126984110,1734044,SIEM 7346,A20
50126989242,1734044,SIEM 7346,A20
50126991292,1734399,TESL 0308,A20
50126993485,1297839,LUME 7839,A10
50126994586,1733212,SCHL 5039,A20
50126997590,1734399,TESL 0308,A20
50126998727,1733215,SIEM 0766,A20
50127000554,1733212,SCHL 5039,A20
50127001072,1734399,TESL 0308,A20
50127003913,1297839,LUME 7839,A10
50127003920,1733201,SCHL 5055,A20
50127003922,1733201,SCHL 5055,A20
50127009538,1733102,SCHL 5161,A20
50127010166,1734399,TESL 0308,A20
50127010391,1733466,AMAZ 7577,A20
50127013156,1733048,HYPE 6588,A20
50127013845,1733102,SCHL 5161,A20
50127013880,1734044,SIEM 7346,A20
50127013883,1734044,SIEM 7346,A20
50127013887,1734044,SIEM 7346,A20
50127013891,1734044,SIEM 7346,A20
50127013895,1734044,SIEM 7346,A20
50127013898,1734044,SIEM 7346,A20
50127013900,1734044,SIEM 7346,A20
50127015641,1734044,SIEM 7346,A20
50127016496,1734399,TESL 0308,A20
50127021365,1734044,SIEM 7346,A20
50127021367,1734044,SIEM 7346,A20
50127021756,1581219,BAKE 0036,A20
50127022370,1733201,SCHL 5055,A20
50127025606,1638499,RAYT 8360,A20
50127025609,1638499,RAYT 8360,A20
50127025612,1638499,RAYT 8360,A20
50127025617,1638499,RAYT 8360,A20
50127025620,1638499,RAYT 8360,A20
50127025622,1638499,RAYT 8360,A20
50127026148,1297839,LUME 7839,A10
50127026151,1297839,LUME 7839,A10
50127027987,1734354,BLOC 9694,A20
50127029605,1733866,JOHN 1731,A20
50127032169,1176121,BAKE 5121,A20
50127032172,1176121,BAKE 5121,A20
50127032442,1733215,SIEM 0766,A20
50127033708,1733048,HYPE 6588,A20
50127033895,1734132,INTE 1674,A20
50127033993,1176121,BAKE 5121,A20
50127034045,1733212,SCHL 5039,A20
50127034444,1638499,RAYT 8360,A20
50127036311,1734532,SIEM 5943,A20
50127037158,1638499,RAYT 8360,A20
50127037505,1297839,LUME 7839,A10
50127039601,1734576,RAYT 4399,A20
50127039604,1638499,RAYT 8360,A20
50127041235,1638499,RAYT 8360,A20
50127041237,1638499,RAYT 8360,A20
50127042424,1638499,RAYT 8360,A20
50127042431,1638499,RAYT 8360,A20
50127042537,1734044,SIEM 7346,A20
50127042539,1734044,SIEM 7346,A20
50127042588,1733215,SIEM 0766,A20
50127042878,1734399,TESL 0308,A20
50127042881,1734399,TESL 0308,A20
50127042933,1638499,RAYT 8360,A20
50127046386,1638499,RAYT 8360,A20
50127046562,1734399,TESL 0308,A20
50127046977,1638499,RAYT 8360,A20
50127046981,1638499,RAYT 8360,A20
50127047787,1702144,RAYT 2893,A20
50127047811,1733201,SCHL 5055,A20
50127047850,1638499,RAYT 8360,A20
50127047858,1638499,RAYT 8360,A20
50127047867,1638499,RAYT 8360,A20
50127047872,1638499,RAYT 8360,A20
50127049373,1673959,RAYT 9092,A20
50127052063,1702144,RAYT 2893,A20
50127052085,1734576,RAYT 4399,A20
50127052655,1733102,SCHL 5161,A20
50127052731,1638499,RAYT 8360,A20
50127052734,1638499,RAYT 8360,A20
50127052736,1638499,RAYT 8360,A20
50127052739,1638499,RAYT 8360,A20
50127052741,1638499,RAYT 8360,A20
50127053179,1638499,RAYT 8360,A20
50127053772,1638499,RAYT 8360,A20
50127053776,1638499,RAYT 8360,A20
50127053780,1638499,RAYT 8360,A20
50127054028,1733201,SCHL 5055,A20
50127054336,1638499,RAYT 8360,A20
50127054340,1638499,RAYT 8360,A20
50127054364,1651228,RAYT 4369,A20
50127055902,1638499,RAYT 8360,A20
50127055986,1651228,RAYT 4369,A20
50127060293,1733212,SCHL 5039,A20
50127061469,1734576,RAYT 4399,A20
50127062254,1638499,RAYT 8360,A20
50127062325,1638499,RAYT 8360,A20
50127063835,1734044,SIEM 7346,A20
50127064119,1638499,RAYT 8360,A20
50127064133,1469829,RAYT 9829,A20
50127065576,1734576,RAYT 4399,A20
50127065629,1638499,RAYT 8360,A20
50127065632,1638499,RAYT 8360,A20
50127065983,1638499,RAYT 8360,A20
50127065986,1638499,RAYT 8360,A20
50127065995,1734044,SIEM 7346,A20
50127066313,1734399,TESL 0308,A30
50127068534,1638499,RAYT 8360,A20
50127069047,1733215,SIEM 0766,A20
50127069658,1733212,SCHL 5039,A20
50127069725,1651228,RAYT 4369,A20
50127070652,1733201,SCHL 5055,A20
50127071091,1733466,AMAZ 7577,A20
50127073294,1734399,TESL 0308,A20
50127073366,1733201,SCHL 5055,A20
50127073396,1638499,RAYT 8360,A20
50127075313,1638499,RAYT 8360,A20
50127075605,1593948,KGS  5500,A20
50127076193,1297839,LUME 7839,A10
50127076998,1734621,SIEM 5446,A20
50127077635,1638499,RAYT 8360,A20
50127078060,1638499,RAYT 8360,A20
50127078061,1638499,RAYT 8360,A20
50127078296,1734266,AMAZ 1311,A20
50127078351,1638499,RAYT 8360,A20
50127078354,1638499,RAYT 8360,A20
50127078578,1734621,SIEM 5446,A20
50127081091,1651228,RAYT 4369,A20
50127081906,1734044,SIEM 7346,A20
50127082345,1638499,RAYT 8360,A20
50127082348,1638499,RAYT 8360,A20
50127082352,1638499,RAYT 8360,A20
50127082355,1638499,RAYT 8360,A20
50127082357,1638499,RAYT 8360,A20
50127082858,1638499,RAYT 8360,A20
50127082864,1638499,RAYT 8360,A20
50127084782,1734399,TESL 0308,A20
50127084810,1733201,SCHL 5055,A20
50127084837,1702144,RAYT 2893,A20
50127084868,1638499,RAYT 8360,A20
50127084872,1638499,RAYT 8360,A20
50127084874,1638499,RAYT 8360,A20
50127084878,1638499,RAYT 8360,A20
50127084880,1638499,RAYT 8360,A20
50127085842,1297839,LUME 7839,A10
50127086068,1734044,SIEM 7346,A20
50127086109,1638499,RAYT 8360,A20
50127086113,1638499,RAYT 8360,A20
50127086114,1638499,RAYT 8360,A20
50127086116,1638499,RAYT 8360,A20
50127086205,1651228,RAYT 4369,A20
50127086551,1733201,SCHL 5055,A20
50127086826,1297839,LUME 7839,A10
50127086830,1297839,LUME 7839,A10
50127086838,1638499,RAYT 8360,A20
50127087425,1638499,RAYT 8360,A20
50127087426,1638499,RAYT 8360,A20
50127087427,1638499,RAYT 8360,A20
50127088651,1733048,HYPE 6588,A20
50127088738,1734044,SIEM 7346,A20
50127089578,1734399,TESL 0308,A20
50127090813,1673959,RAYT 9092,A20
50127090968,1638499,RAYT 8360,A20
50127090972,1638499,RAYT 8360,A20
50127091058,1733215,SIEM 0766,A20
50127091342,1733102,SCHL 5161,A20
50127093155,1733466,AMAZ 7577,A20
50127093157,1733466,AMAZ 7577,A20
50127093796,1297839,LUME 7839,A10
50127094253,1638499,RAYT 8360,A20
50127094258,1638499,RAYT 8360,A20
50127094261,1638499,RAYT 8360,A20
50127094265,1638499,RAYT 8360,A20
50127094272,1638499,RAYT 8360,A20
50127094770,1469829,RAYT 9829,A20
50127095075,1638499,RAYT 8360,A20
50127095148,1638499,RAYT 8360,A20
50127095277,1734399,TESL 0308,A20
50127095338,1651228,RAYT 4369,A20
50127095769,1734044,SIEM 7346,A20
50127097549,1734399,TESL 0308,A20
50127097612,1702144,RAYT 2893,A20
50127097707,1638499,RAYT 8360,A20
50127097710,1638499,RAYT 8360,A20
50127097713,1638499,RAYT 8360,A20
50127097717,1638499,RAYT 8360,A20
50127097719,1638499,RAYT 8360,A20
50127097721,1638499,RAYT 8360,A20
50127097723,1638499,RAYT 8360,A20
50127098190,1638499,RAYT 8360,A20
50127098191,1638499,RAYT 8360,A20
50127098353,1733215,SIEM 0766,A20
50127099282,1733212,SCHL 5039,A20
50127099415,1638499,RAYT 8360,A20
50127099418,1638499,RAYT 8360,A20
50127100993,1733212,SCHL 5039,A20
50127101022,1638499,RAYT 8360,A20
50127101041,1638499,RAYT 8360,A20
50127101324,1734665,RAYT 4368,A20
50127101937,1638499,RAYT 8360,A20
50127101942,1638499,RAYT 8360,A20
50127101958,1733215,SIEM 0766,A20
50127101991,1733201,SCHL 5055,A20
50127102118,1673959,RAYT 9092,A20
50127105376,1638499,RAYT 8360,A20
50127105378,1638499,RAYT 8360,A20
50127105380,1638499,RAYT 8360,A20
50127105382,1638499,RAYT 8360,A20
50127105385,1638499,RAYT 8360,A20
50127106355,1638499,RAYT 8360,A20
50127107036,1734044,SIEM 7346,A20
50127108524,1733215,SIEM 0766,A20
50127108670,1734044,SIEM 7346,A20
50127111682,1733102,SCHL 5161,A20
50127112692,1734399,TESL 0308,A20
50127115220,1734132,INTE 1674,A20
50127116500,1733201,SCHL 5055,A20
50127117773,1733102,SCHL 5161,A20
50127117783,1734044,SIEM 7346,A20
50127128032,1733212,SCHL 5039,A20
50127130510,1734044,SIEM 7346,A20
50127131131,1733733,WAYM 9911,A20
50127133322,1733201,SCHL 5055,A20
50127136504,1734266,AMAZ 1311,A20
50127141000,1734221,DIAG 1352,A20
50127149332,1734221,DIAG 1352,A20
50127150944,1734044,SIEM 7346,A20
50127274770,1913708,AURI 3708,A20
50127298516,1053549,GE V 8549,A20
50127298517,1053549,GE V 8549,A20
50127305193,1595766,ZOOX 7327,A20
50127311009,1595766,ZOOX 7327,A20
50127312146,1733212,SCHL 5039,A20
50127313151,1733212,SCHL 5039,A20
50127313837,1053549,GE V 8549,A20
50127314120,1734044,SIEM 7346,A20
50127314196,1053549,GE V 8549,A20
50127314350,1053549,GE V 8549,A20
50127315365,1733048,HYPE 6588,A20
50127315605,1053549,GE V 8549,A20
50127315768,1417746,IBM  7746,A10
50127315839,1053549,GE V 8549,A20
50127317086,1053549,GE V 8549,A20
50127318836,1733201,SCHL 5055,A20
50127320884,1734044,SIEM 7346,A20
50127320947,1053549,GE V 8549,A20
50127320949,1053549,GE V 8549,A20
50127321505,1734399,TESL 0308,A20
50127321508,1734399,TESL 0308,A20
