Invoice,PO No.,Inv. Date,Total Invoice
50123900303,PO13897540,3/24/2023,"$113,619.99 "
50124186395,PO17042852,6/16/2023,"$1,080.65 "
50124289134,PO17117550,7/20/2023,$446.49 
50124356517,PO17240797,8/8/2023,"$2,496.00 "
50124397203,PO17111548,8/21/2023,$800.00 
50124419492,PO16685661,8/25/2023,"$5,927.79 "
50124431414,PO17264159,8/30/2023,"$2,269.41 "
50124449222,PO17264064,9/5/2023,"$8,197.20 "
50124488601,PO17261839,9/18/2023,"$11,960.00 "
50124505800,PO17163590,9/21/2023,$370.00 
50124559387,PO17295810,10/7/2023,$340.00 
50124598749,PO17323491,10/19/2023,"$12,210.00 "
50124661799,PO17262631,11/8/2023,"$8,197.20 "
50124761243,PO17260574,12/18/2023,"$10,260.00 "
50124820761,PO17090333,1/5/2024,"$3,254.40 "
50124825491,PO16760739,1/4/2024,$67.79 
50124825492,PO17043110,1/4/2024,"$12,970.80 "
50124828672,PO17315708,1/5/2024,$19.43 
50124828673,PO17315712,1/5/2024,$40.24 
50124829534,PO17223293,1/5/2024,"$1,055.34 "
50124832154,PO17350498,1/8/2024,"$1,865.92 "
50124833073,PO17091335,1/8/2024,"$16,272.00 "
50124834152,PO16856085,1/9/2024,$455.20 
50124842170,PO16874200,1/11/2024,"$3,860.64 "
50124842173,PO17003007,1/11/2024,$911.40 
50124846731,PO17094206,1/11/2024,$813.60 
50124846737,PO16976901,1/11/2024,"$25,368.23 "
50124846908,PO16914201,1/11/2024,$271.00 
50124846910,PO17306920,1/11/2024,$760.00 
50124849166,PO17152092,1/11/2024,$53.46 
50124849167,PO17172093,1/11/2024,$19.43 
50124858623,PO17319584,1/16/2024,$3.77 
50124861783,PO17384940,1/16/2024,$72.65 
50124862481,PO17130251,1/19/2024,"$3,565.00 "
50124864516,PO17317099,1/16/2024,$19.55 
50124866005,PO16519757,1/18/2024,$231.27 
50124866960,PO17154229,1/17/2024,$499.00 
50124866962,PO17354642,1/17/2024,$278.98 
50124868704,PO17257286,1/24/2024,"$3,818.85 "
50124869749,PO17334188,1/22/2024,$339.12 
50124869750,PO17336570,1/22/2024,$107.85 
50124869779,PO17357774,1/23/2024,"$8,794.53 "
50124869982,PO17295967,1/18/2024,$50.00 
50124870749,PO17037513,1/23/2024,"$8,643.78 "
50124870885,PO17150354,1/18/2024,"$1,305.70 "
50124871792,PO16758697,1/18/2024,"$4,071.65 "
50124872790,PO17290177,1/18/2024,"$3,998.60 "
50124877039,PO17320517,1/19/2024,$56.34 
50124877041,PO17312053,1/19/2024,$58.64 
50124878492,PO17364890,1/22/2024,$5.04 
50124880591,PO17394279,1/22/2024,"$1,199.25 "
50124881090,PO16935917,1/22/2024,$430.00 
50124882946,PO16992663,1/24/2024,$549.12 
50124882973,PO17254075,1/24/2024,$378.00 
50124884348,PO17352315,1/24/2024,$291.17 
50124889315,PO17237261,1/24/2024,"$1,056.40 "
50124889840,PO17418075,1/24/2024,$600.00 
50124890353,PO17411599,1/25/2024,$210.00 
50124890361,PO17264082,1/25/2024,$959.00 
50124891581,PO17277622,1/24/2024,"$15,378.21 "
50124892660,PO17357053,1/30/2024,$214.20 
50124894333,PO17354433,1/26/2024,"$9,287.26 "
50124894841,PO17391351,1/25/2024,"$1,199.25 "
50124895713,PO17414582,1/29/2024,"$1,200.00 "
50124899222,PO17413608,1/29/2024,$32.82 
50124899252,PO17262777,1/29/2024,"$2,313.20 "
50124903679,PO17390296,1/30/2024,"$2,206.50 "
50124906983,PO17415223,1/31/2024,$704.27 
50124913811,PO17414783,1/31/2024,$311.81 
50124913815,PO17418336,1/31/2024,$887.45 
50124915170,PO17231180,2/2/2024,"$1,720.25 "
50124916266,PO17235657,2/2/2024,$177.50 
50124916271,PO17285717,2/2/2024,$142.00 
50124920733,PO17330506,2/5/2024,$400.70 
50124926227,PO17178088,2/7/2024,$100.61 
50124930567,PO17414635,2/6/2024,$52.40 
50124930573,PO17356830,2/6/2024,$106.88 
50124930578,PO17424659,2/6/2024,$174.51 
50124930581,PO17412040,2/6/2024,$37.00 
50124932268,PO16913937,2/8/2024,"$11,037.42 "
50124932521,PO17366856,2/7/2024,"$2,167.20 "
50124935064,PO17410616,2/7/2024,$250.00 
50124935161,PO17280632,2/8/2024,$500.00 
50124935165,PO17310663,2/8/2024,$250.00 
50124935168,PO17400670,2/8/2024,$250.00 
50124937711,PO17289901,2/9/2024,$298.20 
50124939008,PO17284084,2/8/2024,$424.20 
50124947570,PO17416664,2/13/2024,$183.00 
50124949145,PO17332201,2/14/2024,"$2,103.80 "
50124951821,PO16957767,2/12/2024,"$2,303.00 "
50124957924,PO17360452,2/13/2024,"$1,660.00 "
50124958025,PO17025326,2/13/2024,"$3,841.68 "
50124960460,PO17420195,2/14/2024,$8.00 
50124960465,PO17131087,2/14/2024,"$19,385.56 "
50124960468,PO17252065,2/14/2024,$283.41 
50124960473,PO17445666,2/14/2024,$106.88 
50124968965,PO17367290,2/16/2024,"$2,889.60 "
50124970519,PO17443748,2/20/2024,$107.12 
50124974888,PO16818859,2/20/2024,$237.90 
50124976553,PO17387987,2/20/2024,"$34,288.00 "
50124980914,PO16441568,2/21/2024,"$3,201.40 "
50124983917,PO17261980,2/23/2024,$959.00 
50124984641,PO17332328,2/22/2024,"$2,367.30 "
50124984644,PO17337292,2/22/2024,$360.63 
50124984659,PO17251954,2/22/2024,$378.00 
50124986602,PO17302175,2/22/2024,$352.80 
50124990282,PO16715764,2/23/2024,$422.00 
50124991316,PO17412695,2/23/2024,$768.00 
50124995858,PO17061326,2/26/2024,"$1,232.00 "
50124999155,PO17163032,3/1/2024,$286.76 
50125002425,PO17449999,2/28/2024,"$1,305.00 "
50125005714,PO17031395,3/1/2024,"$11,525.04 "
50125007670,PO17351310,2/29/2024,$108.20 
50125009372,PO17314837,3/1/2024,$507.45 
50125009554,PO17382108,3/1/2024,"$2,463.25 "
50125015451,PO17239141,3/4/2024,"$1,241.15 "
50125023429,PO16711669,3/7/2024,"$1,688.00 "
50125025125,PO17468297,3/7/2024,$40.95 
50125025923,PO17310469,3/6/2024,"$1,210.50 "
50125026985,PO17443467,3/6/2024,$504.36 
50125038394,PO17168958,3/11/2024,"$6,797.00 "
50125040895,PO17442974,3/12/2024,$373.26 
50125040943,PO17460774,3/12/2024,$5.75 
50125043683,PO17456576,3/15/2024,"$242,620.38 "
50125044488,PO16557404,3/13/2024,"$6,024.00 "
50125045246,PO16930038,3/13/2024,"$13,309.69 "
50125055765,PO16956599,3/15/2024,"$2,303.00 "
50125055767,PO17461631,3/15/2024,$336.00 
50125055881,PO17176600,3/15/2024,"$4,406.06 "
50125057321,PO17286746,3/16/2024,$945.70 
50125060856,PO17358462,3/20/2024,$45.18 
50125063800,PO17445065,3/18/2024,"$12,518.14 "
50125064762,PO17362789,3/19/2024,"$5,751.86 "
50125071797,PO17386702,3/20/2024,$947.11 
50125071923,PO17131329,3/23/2024,"$6,784.94 "
50125077428,PO17441749,3/21/2024,"$13,902.13 "
50125078084,PO17460646,3/22/2024,$59.42 
50125078828,PO17331317,3/22/2024,"$21,710.00 "
50125083518,PO17201333,3/23/2024,"$2,535.20 "
50125087582,PO17440895,3/26/2024,"$5,688.65 "
50125088448,PO17427746,3/25/2024,"$1,660.00 "
50125089972,PO17357592,3/26/2024,"$5,511.00 "
50125094046,PO17314111,3/28/2024,$978.18 
50125094050,PO17297766,3/28/2024,"$3,438.50 "
50125094053,PO17298918,3/28/2024,$181.80 
50125094055,PO17389838,3/28/2024,$623.35 
50125099661,PO17171395,3/29/2024,$165.33 
50125099663,PO17331816,3/29/2024,"$1,171.72 "
50125103963,PO17341795,3/29/2024,"$4,486.80 "
50125104025,PO17384176,3/29/2024,$150.00 
50125104027,PO17387360,3/29/2024,$800.00 
50125105633,PO17483098,4/4/2024,$402.44 
50125106410,PO17226143,3/29/2024,$290.29 
50125106542,PO16929152,3/29/2024,"$2,802.04 "
50125106543,PO16939153,3/29/2024,"$2,101.53 "
50125106707,PO17200956,3/29/2024,"$2,735.53 "
50125109427,PO17183978,4/1/2024,"$2,190.00 "
50125110610,PO16936762,4/1/2024,"$4,203.06 "
50125111376,PO17362051,4/1/2024,$204.00 
50125112689,PO17469632,4/2/2024,$21.00 
50125117073,PO17487788,4/3/2024,"$10,450.00 "
50125119225,PO17354660,4/8/2024,$278.98 
50125120665,PO17221466,4/4/2024,"$3,465.00 "
50125123479,PO17392146,4/4/2024,"$1,350.00 "
50125124023,PO17300265,4/5/2024,$352.80 
50125124069,PO17423958,4/5/2024,$9.50 
50125126048,PO17477121,4/8/2024,$7.97 
50125126817,PO17430304,4/5/2024,"$47,782.50 "
50125128471,PO17444814,4/8/2024,"$3,933.53 "
50125128707,PO17394717,4/8/2024,$300.00 
50125130423,PO17434775,4/8/2024,$106.00 
50125132861,PO17485111,4/9/2024,"$18,810.00 "
50125138783,PO17486782,4/10/2024,$90.00 
50125139380,PO17308367,4/10/2024,$479.50 
50125140309,PO17443774,4/11/2024,"$1,675.26 "
50125150709,PO17410993,4/16/2024,$226.00 
50125151122,PO17259678,4/15/2024,"$6,110.16 "
50125151123,PO17268167,4/15/2024,$402.00 
50125151124,PO17259083,4/15/2024,"$3,818.85 "
50125153528,PO17355621,4/17/2024,$908.00 
50125153894,PO17430940,4/16/2024,$255.00 
50125153898,PO17415624,4/16/2024,$106.00 
50125153901,PO16927112,4/16/2024,"$4,903.57 "
50125154348,PO17329113,4/15/2024,$0.44 
50125154440,PO17353117,4/15/2024,"$1,942.30 "
50125162159,PO17458707,4/23/2024,$189.00 
50125163733,PO17487946,4/18/2024,"$51,256.80 "
50125165132,PO17517142,4/18/2024,"$2,428.20 "
50125165134,PO17517143,4/18/2024,"$1,789.20 "
50125165803,PO17374059,4/19/2024,$306.80 
50125165846,PO17517139,4/19/2024,"$2,428.20 "
50125165848,PO17517141,4/19/2024,"$1,661.40 "
50125166276,PO17277160,4/24/2024,"$1,053.25 "
50125166283,PO17297975,4/18/2024,$674.60 
50125166529,PO17517140,4/18/2024,"$2,044.80 "
50125169539,PO17485356,4/19/2024,$81.50 
50125169933,PO17508887,4/19/2024,"$1,106.33 "
50125171181,PO17311990,4/20/2024,$843.92 
50125173740,PO17457862,4/26/2024,"$2,355.36 "
50125174494,PO17495074,4/22/2024,$231.96 
50125175835,PO17237078,4/22/2024,"$1,241.15 "
50125177195,PO17296120,4/24/2024,$876.98 
50125177197,PO17298945,4/24/2024,$181.80 
50125180263,PO17410527,4/23/2024,$75.35 
50125180502,PO17464126,4/23/2024,$43.05 
50125183829,PO17519513,4/24/2024,"$6,773.40 "
50125184600,PO17291715,4/25/2024,$404.76 
50125185101,PO17296121,4/25/2024,$674.60 
50125185103,PO17368834,4/25/2024,$0.35 
50125188339,PO17482991,4/26/2024,$2.97 
50125193959,PO17475005,4/26/2024,"$7,065.21 "
50125198525,PO17268833,5/7/2024,$120.60 
50125200681,PO17435224,5/6/2024,"$1,315.75 "
50125200687,PO17431241,5/6/2024,"$81,784.25 "
50125208479,PO17421318,5/2/2024,$498.00 
50125208488,PO17522305,5/2/2024,$58.79 
50125211127,PO17514464,5/3/2024,$203.40 
50125211138,PO17487013,5/3/2024,$326.00 
50125211722,PO17330822,5/6/2024,$601.05 
50125211724,PO17360824,5/6/2024,$200.35 
50125211740,PO17304020,5/6/2024,$352.80 
50125211745,PO17394022,5/6/2024,"$2,100.00 "
50125213313,PO16634163,5/3/2024,"$54,215.50 "
50125213755,PO17258318,5/7/2024,"$3,818.85 "
50125224149,PO17413207,5/11/2024,$379.00 
50125226891,PO17234868,5/8/2024,$20.90 
50125227599,PO17271345,5/9/2024,$528.00 
50125227640,PO17201506,5/9/2024,"$3,884.60 "
50125227641,PO17365528,5/9/2024,"$1,083.30 "
50125241526,PO17365978,5/13/2024,"$1,289.21 "
50125241933,PO17516628,5/13/2024,$474.60 
50125242023,PO17317110,5/13/2024,$95.90 
50125243434,PO17467627,5/13/2024,$615.00 
50125246882,PO17403898,5/14/2024,"$3,087.12 "
50125246893,PO17407622,5/14/2024,$763.00 
50125248163,PO17200372,5/14/2024,$133.98 
50125250292,PO16997107,5/15/2024,$748.80 
50125255873,PO17260711,5/16/2024,$40.20 
50125255903,PO17445984,5/16/2024,"$1,487.55 "
50125271423,PO17111692,5/22/2024,$750.00 
50125271426,PO17261793,5/22/2024,$30.00 
50125271916,PO17141708,5/22/2024,"$6,060.00 "
50125275117,PO17454051,5/23/2024,$189.00 
50125285471,PO17520690,6/3/2024,"$4,731.80 "
50125285490,PO17327164,6/3/2024,"$2,184.33 "
50125290194,PO17554747,6/3/2024,$1.59 
50125293520,PO17413205,6/12/2024,$0.56 
50125293522,PO17479737,6/12/2024,$98.91 
50125294287,PO17349181,5/29/2024,"$1,495.60 "
50125297042,PO17456110,6/5/2024,"$2,267.20 "
50125299030,PO17438937,5/31/2024,"$27,700.00 "
50125299035,PO17432661,5/31/2024,"$83,100.00 "
50125306129,PO17398232,6/4/2024,$712.20 
50125307554,PO17431219,6/7/2024,"$7,548.25 "
50125307563,PO17431947,6/7/2024,"$34,001.75 "
50125308957,PO17521451,6/3/2024,"$3,338.90 "
50125309022,PO17446550,6/3/2024,"$2,976.75 "
50125309148,PO17337000,6/3/2024,"$1,698.29 "
50125309726,PO17531043,6/3/2024,$5.04 
50125311421,PO17522408,6/4/2024,"$2,758.00 "
50125311557,PO17415813,6/4/2024,$260.01 
50125312137,PO17434031,6/6/2024,"$27,700.00 "
50125312645,PO17563360,6/4/2024,"$2,859.60 "
50125315940,PO16994159,6/6/2024,$549.12 
50125317170,PO17512614,6/10/2024,"$3,933.53 "
50125318467,PO17356254,6/5/2024,"$1,055.34 "
50125321598,PO17516991,6/10/2024,$81.25 
50125324685,PO17417882,6/10/2024,$257.67 
50125324686,PO17516673,6/10/2024,$651.00 
50125325828,PO17280077,6/7/2024,"$1,784.00 "
50125326738,PO17515338,6/15/2024,$121.87 
50125330192,PO17518017,6/11/2024,$513.64 
50125337347,PO16850330,6/12/2024,$16.00 
50125337828,PO17428295,6/12/2024,"$3,690.00 "
50125346921,PO17331819,6/14/2024,"$2,625.00 "
50125347601,PO17292061,6/17/2024,$252.60 
50125347602,PO17422167,6/17/2024,"$1,682.50 "
50125347605,PO17378516,6/17/2024,$500.00 
50125347709,PO17355198,6/17/2024,"$2,742.84 "
50125349550,PO17579862,6/18/2024,$50.00 
50125350005,PO17355200,6/17/2024,$914.28 
50125351059,PO17577997,6/17/2024,$58.33 
50125351475,PO17260722,6/17/2024,$160.80 
50125353275,PO17261298,6/20/2024,$40.20 
50125354802,PO17032165,6/18/2024,"$81,325.83 "
50125355717,PO17522984,6/20/2024,$846.00 
50125356391,PO17436081,6/18/2024,$5.88 
50125356462,PO17351163,6/18/2024,"$2,494.56 "
50125356466,PO17355305,6/18/2024,"$3,818.85 "
50125358933,PO17547976,6/19/2024,"$2,458.60 "
50125360526,PO17511594,6/21/2024,$933.15 
50125361567,PO17389138,6/21/2024,$550.00 
50125362224,PO17521828,6/20/2024,"$9,556.58 "
50125363709,PO17337737,6/21/2024,"$11,940.50 "
50125363713,PO17585794,6/21/2024,"$4,151.25 "
50125363732,PO17523862,6/21/2024,$127.00 
50125364510,PO17454908,6/22/2024,$189.00 
50125366159,PO17446376,6/24/2024,"$1,190.04 "
50125370723,PO17589636,6/24/2024,$3.44 
50125372408,PO17276528,6/25/2024,$396.00 
50125375115,PO17432384,7/1/2024,$421.50 
50125375117,PO17572398,7/1/2024,"$2,696.00 "
50125375677,PO17510422,6/25/2024,$121.87 
50125377828,PO17491658,6/25/2024,$944.80 
50125378308,PO17437273,6/25/2024,$527.00 
50125378309,PO17481214,6/25/2024,$636.00 
50125379560,PO17412147,6/26/2024,$375.00 
50125379563,PO17442396,6/26/2024,$832.86 
50125379631,PO17333826,6/26/2024,"$24,966.50 "
50125380405,PO17432069,6/26/2024,"$74,790.00 "
50125381863,PO17361937,6/26/2024,"$1,053.25 "
50125381864,PO17375814,6/26/2024,$479.50 
50125385495,PO17576228,6/27/2024,$317.50 
50125388773,PO17591112,7/1/2024,$892.55 
50125389512,PO17364922,6/28/2024,"$5,856.00 "
50125390450,PO17556224,6/28/2024,"$1,143.00 "
50125390452,PO17576229,6/28/2024,"$1,047.75 "
50125392037,PO17468108,7/3/2024,$402.00 
50125395155,PO17450180,7/2/2024,$221.52 
50125395685,PO17512767,7/2/2024,$6.25 
50125395687,PO17402785,7/2/2024,"$6,804.00 "
50125398895,PO17431585,7/1/2024,$71.04 
50125398896,PO17419256,7/1/2024,$382.50 
50125399149,PO17469980,7/1/2024,"$12,497.00 "
50125400006,PO17456695,7/2/2024,"$3,537.25 "
50125401246,PO17584234,7/3/2024,"$13,615.80 "
50125402228,PO17452645,7/3/2024,$48.28 
50125403700,PO17357089,7/3/2024,"$1,542.60 "
50125407400,PO17591212,7/8/2024,$5.05 
50125407987,PO17383833,7/10/2024,"$23,368.80 "
50125411292,PO17514743,7/9/2024,"$8,994.80 "
50125411299,PO17415727,7/9/2024,$1.88 
50125412823,PO17526898,7/9/2024,$36.50 
50125417862,PO17508691,7/10/2024,$860.38 
50125417865,PO17498719,7/10/2024,$860.38 
50125417868,PO17448826,7/10/2024,$44.00 
50125418564,PO17571947,7/11/2024,"$10,635.56 "
50125419365,PO17503057,7/11/2024,$721.63 
50125419369,PO17453489,7/11/2024,$877.00 
50125420288,PO17341558,7/11/2024,"$12,712.60 "
50125428854,PO17619969,7/15/2024,$58.22 
50125429766,PO17514727,8/1/2024,"$2,248.70 "
50125430623,PO17358619,7/17/2024,"$4,720.50 "
50125430663,PO17614460,7/17/2024,$0.84 
50125431571,PO17494677,7/15/2024,"$1,084.00 "
50125431639,PO17597129,7/15/2024,$536.90 
50125433245,PO17372878,7/15/2024,"$89,000.00 "
50125435316,PO17561297,7/16/2024,"$93,475.00 "
50125437884,PO17456341,7/18/2024,$271.50 
50125438213,PO17518845,7/19/2024,"$1,027.28 "
50125443070,PO17591675,7/19/2024,$695.18 
50125444473,PO17456533,7/19/2024,$250.00 
50125446565,PO17386357,7/19/2024,$532.20 
50125447821,PO17526613,7/19/2024,$356.10 
50125447825,PO17527851,7/19/2024,"$1,780.50 "
50125447927,PO17488016,7/19/2024,$457.14 
50125447929,PO17378408,7/19/2024,$51.60 
50125451230,PO17595656,7/23/2024,"$1,100.68 "
50125453696,PO17456984,7/25/2024,$955.00 
50125453828,PO17619233,7/22/2024,$5.76 
50125454617,PO16970188,7/22/2024,"$1,797.06 "
50125455688,PO17516858,7/23/2024,"$1,191.50 "
50125457831,PO17486853,7/23/2024,"$1,018.15 "
50125460319,PO17458949,7/24/2024,$189.00 
50125460333,PO17536579,7/24/2024,"$5,598.20 "
50125460971,PO17491099,7/24/2024,"$1,084.00 "
50125461092,PO17589246,7/24/2024,"$2,842.00 "
50125461237,PO17442710,7/25/2024,$495.75 
50125462654,PO17331187,7/27/2024,"$26,052.00 "
50125462825,PO17529379,7/25/2024,"$66,038.00 "
50125462912,PO17626925,7/26/2024,$37.30 
50125465679,PO17565866,7/26/2024,"$2,913.18 "
50125466091,PO17491331,7/27/2024,"$1,749.00 "
50125468495,PO17532375,7/26/2024,"$5,151.84 "
50125468832,PO17491992,7/26/2024,"$26,827.50 "
50125471636,PO16953504,7/29/2024,"$1,396.50 "
50125471639,PO17013505,7/29/2024,"$2,256.80 "
50125472600,PO17492347,7/29/2024,"$3,347.94 "
50125472970,PO17506566,8/1/2024,"$21,854.18 "
50125473313,PO17629934,7/29/2024,$35.95 
50125473683,PO17610840,7/31/2024,"$3,560.96 "
50125474244,PO17576492,7/30/2024,$31.60 
50125474744,PO17359893,8/2/2024,"$1,278.00 "
50125477050,PO17629788,7/31/2024,"$3,524.24 "
50125482199,PO17620000,8/6/2024,$37.98 
50125484428,PO17526721,8/1/2024,"$5,299.25 "
50125484748,PO17626646,8/1/2024,$221.20 
50125486048,PO17629780,8/7/2024,$205.62 
50125487161,PO17543301,8/2/2024,"$5,491.00 "
50125488479,PO17596784,8/2/2024,"$1,051.20 "
50125488874,PO17595062,8/2/2024,$27.75 
50125491621,PO17623994,8/8/2024,$2.75 
50125492822,PO17620965,8/5/2024,$129.40 
50125495501,PO17303767,8/6/2024,$352.80 
50125497753,PO17521474,8/8/2024,"$134,740.80 "
50125497938,PO17457972,8/6/2024,"$3,252.64 "
50125498533,PO17545756,8/8/2024,"$5,933.60 "
50125498635,PO17337320,8/8/2024,"$26,464.68 "
50125501974,PO17449656,8/7/2024,$182.07 
50125502828,PO17389906,8/7/2024,$18.60 
50125503424,PO17603338,8/7/2024,"$15,199.00 "
50125504569,PO17536459,8/8/2024,"$31,864.32 "
50125505369,PO17546862,8/8/2024,"$8,900.40 "
50125508824,PO17150654,8/9/2024,"$27,552.00 "
50125509994,PO17637222,8/9/2024,$281.20 
50125517113,PO17475641,8/14/2024,"$1,083.30 "
50125517115,PO17517160,8/14/2024,"$4,265.76 "
50125517117,PO17028737,8/14/2024,"$1,280.56 "
50125517120,PO17029533,8/14/2024,"$15,686.86 "
50125517123,PO17029585,8/14/2024,"$4,481.96 "
50125517126,PO17030671,8/14/2024,"$12,165.32 "
50125519817,PO17413370,8/14/2024,$250.00 
50125523491,PO17561307,8/13/2024,"$3,799.80 "
50125523493,PO17611317,8/13/2024,"$3,546.48 "
50125524973,PO17429251,8/14/2024,$458.72 
50125524977,PO17039586,8/14/2024,$640.28 
50125527347,PO17424444,8/15/2024,"$2,006.90 "
50125527443,PO17574781,8/15/2024,$379.20 
50125531649,PO17637374,8/19/2024,"$1,330.00 "
50125534610,PO17620891,8/16/2024,$602.53 
50125537556,PO17033016,8/20/2024,"$2,240.98 "
50125537602,PO17615784,8/20/2024,$37.65 
50125538254,PO17651474,8/21/2024,$289.08 
50125540455,PO17576269,8/20/2024,$803.80 
50125550589,PO17559871,8/22/2024,$365.00 
50125551111,PO17459025,8/23/2024,$189.00 
50125551587,PO17475121,8/23/2024,"$1,083.30 "
50125553039,PO17254978,8/23/2024,"$7,764.00 "
50125554778,PO17591930,8/24/2024,$326.00 
50125555844,PO17565274,8/23/2024,$810.03 
50125555847,PO17491153,8/23/2024,"$2,449.20 "
50125555848,PO17291428,8/23/2024,"$1,440.00 "
50125557626,PO17451555,8/27/2024,"$3,091.20 "
50125559889,PO17437651,9/5/2024,"$68,358.06 "
50125563027,PO17542360,8/28/2024,"$3,217.09 "
50125563548,PO17652585,8/28/2024,$625.92 
50125563590,PO16577507,9/4/2024,"$31,893.34 "
50125565066,PO17548373,8/27/2024,"$12,845.00 "
50125565069,PO17541871,8/27/2024,"$9,724.30 "
50125565764,PO17647357,8/27/2024,$53.10 
50125566429,PO17573012,8/28/2024,"$17,690.38 "
50125567305,PO17617782,8/27/2024,$452.25 
50125573379,PO17446937,8/30/2024,"$1,055.34 "
50125573385,PO17020671,8/30/2024,"$1,600.70 "
50125573387,PO17030672,8/30/2024,"$2,240.98 "
50125574062,PO17522796,8/29/2024,"$1,582.60 "
50125577262,PO17396103,8/30/2024,$70.00 
50125577264,PO17426104,8/30/2024,"$1,376.16 "
50125577393,PO17548164,8/30/2024,"$96,587.15 "
50125578452,PO17679638,9/4/2024,$3.76 
50125578511,PO17387649,9/6/2024,"$13,887.00 "
50125578544,PO17643859,9/6/2024,$210.00 
50125581748,PO17571264,9/4/2024,"$17,690.38 "
50125582591,PO17651083,9/3/2024,"$1,238.81 "
50125587314,PO17637953,9/4/2024,"$8,459.18 "
50125589147,PO17610703,9/4/2024,"$1,673.45 "
50125590460,PO17337647,9/5/2024,"$15,739.75 "
50125590462,PO17438263,9/5/2024,"$6,431.94 "
50125590463,PO17338760,9/5/2024,"$10,312.25 "
50125590464,PO17388762,9/5/2024,"$9,258.00 "
50125590484,PO17366859,9/5/2024,$311.80 
50125595307,PO17415186,9/6/2024,$260.00 
50125595663,PO17178864,9/6/2024,"$133,647.42 "
50125597154,PO16689681,9/10/2024,"$7,416.09 "
50125597158,PO17660180,9/10/2024,"$6,139.80 "
50125601967,PO17677232,9/11/2024,"$32,202.00 "
50125603090,PO17671238,9/11/2024,$625.92 
50125606923,PO17587358,9/11/2024,"$6,509.93 "
50125607244,PO17572751,9/12/2024,$748.80 
50125611229,PO17463487,9/13/2024,"$4,372.08 "
50125611352,PO17596906,9/12/2024,$91.80 
50125612333,PO17541148,9/12/2024,$877.70 
50125612335,PO17541149,9/12/2024,$877.70 
50125613338,PO17571002,9/12/2024,"$2,897.91 "
50125616814,PO16635929,9/13/2024,"$48,607.00 "
50125617225,PO17367082,9/13/2024,"$23,256.60 "
50125620825,PO17633037,9/17/2024,$136.00 
50125621369,PO17570089,9/17/2024,"$29,629.50 "
50125622758,PO17600618,9/18/2024,"$3,996.50 "
50125623431,PO17618345,9/25/2024,"$5,831.00 "
50125623508,PO17587090,9/25/2024,$407.00 
50125623547,PO17548306,9/25/2024,$21.44 
50125625481,PO17362401,9/16/2024,"$11,628.30 "
50125627053,PO17512381,9/19/2024,$305.88 
50125627944,PO17541742,9/17/2024,$438.85 
50125629753,PO17485782,9/23/2024,"$7,495.92 "
50125630237,PO17685057,9/18/2024,$6.48 
50125630992,PO17507854,9/24/2024,$231.92 
50125631655,PO17620949,9/19/2024,"$21,887.87 "
50125634166,PO17647793,9/20/2024,"$76,434.00 "
50125634170,PO17517794,9/20/2024,"$38,154.60 "
50125636700,PO17520208,9/19/2024,"$145,969.20 "
50125637248,PO17522509,9/19/2024,"$63,627.60 "
50125639279,PO17459486,9/23/2024,$303.18 
50125639578,PO17539902,9/20/2024,"$1,864.60 "
50125640171,PO17593884,9/23/2024,"$1,050.00 "
50125643426,PO17453758,9/24/2024,$189.00 
50125643705,PO17575514,9/24/2024,"$3,601.50 "
50125643849,PO17635663,9/23/2024,$330.00 
50125644359,PO17506316,9/24/2024,$601.05 
50125644361,PO17505104,9/24/2024,$601.05 
50125645082,PO16912904,9/25/2024,"$1,772.71 "
50125645212,PO17595532,9/25/2024,"$35,163.00 "
50125647150,PO17426135,9/27/2024,"$1,543.35 "
50125648351,PO17690328,9/24/2024,$80.58 
50125649496,PO17559788,9/24/2024,$18.00 
50125652412,PO17521560,9/30/2024,"$2,800.00 "
50125652423,PO17700606,9/30/2024,$52.14 
50125652425,PO17272044,9/30/2024,"$9,772.50 "
50125652428,PO17642002,9/30/2024,$78.00 
50125652845,PO17522852,9/25/2024,"$26,192.51 "
50125653637,PO17522355,9/26/2024,"$1,671.12 "
50125654033,PO17712041,10/9/2024,"$3,479.40 "
50125654576,PO17380515,9/25/2024,"$23,368.80 "
50125655956,PO17540696,9/26/2024,"$115,203.44 "
50125655957,PO16377837,9/26/2024,"$33,923.29 "
50125657661,PO17411421,9/27/2024,$605.50 
50125658041,PO17549996,9/27/2024,"$1,218.00 "
50125658404,PO17449713,9/26/2024,$665.00 
50125659893,PO17296047,9/27/2024,$604.34 
50125660974,PO17236037,9/28/2024,$34.10 
50125660975,PO17594010,9/28/2024,$384.00 
50125661699,PO17494302,9/28/2024,"$2,887.50 "
50125665573,PO17180280,10/1/2024,$101.08 
50125665636,PO17338549,10/1/2024,"$19,539.00 "
50125667668,PO16637333,10/2/2024,"$24,303.50 "
50125667758,PO17514038,10/2/2024,"$24,655.15 "
50125670027,PO17450354,9/30/2024,$79.75 
50125674843,PO17699678,10/2/2024,"$1,069.15 "
50125675038,PO17613440,10/3/2024,"$95,768.00 "
50125675336,PO17303079,10/3/2024,$352.80 
50125676813,PO17619700,10/2/2024,"$4,955.50 "
50125678574,PO17546320,10/3/2024,"$3,282.00 "
50125679676,PO17414123,10/4/2024,$241.20 
50125681251,PO17663178,10/4/2024,"$1,250.29 "
50125681253,PO17563526,10/4/2024,$928.00 
50125683155,PO17694715,10/7/2024,$92.61 
50125683532,PO17614232,10/8/2024,"$67,506.66 "
50125683535,PO17537941,10/8/2024,"$3,897.51 "
50125685744,PO17574373,10/9/2024,$652.91 
50125686742,PO17716762,10/7/2024,$125.95 
50125688475,PO17573064,10/9/2024,"$17,690.38 "
50125688508,PO17503478,10/9/2024,$860.38 
50125688948,PO17499261,10/9/2024,$721.63 
50125688950,PO17185989,10/9/2024,"$7,277.76 "
50125689013,PO17511433,10/9/2024,"$4,681.00 "
50125690729,PO17524075,10/9/2024,"$15,595.00 "
50125690902,PO17613353,10/8/2024,$198.00 
50125694360,PO17523865,10/9/2024,"$290,690.80 "
50125695264,PO17593461,10/10/2024,"$22,086.00 "
50125695266,PO17514177,10/10/2024,"$4,668.94 "
50125695270,PO17525522,10/10/2024,$91.80 
50125695339,PO17615719,10/10/2024,"$1,002.40 "
50125697113,PO17584185,10/10/2024,"$128,502.80 "
50125697432,PO17363345,10/11/2024,"$4,000.00 "
50125698395,PO16817760,10/12/2024,"$4,350.12 "
50125703136,PO17425942,10/16/2024,"$2,057.80 "
50125703883,PO17496060,10/15/2024,$860.38 
50125703886,PO17506061,10/15/2024,$860.38 
50125706463,PO17723797,10/18/2024,$8.76 
50125708016,PO17637759,10/15/2024,"$5,393.28 "
50125708022,PO17637760,10/15/2024,"$11,033.00 "
50125708966,PO17494546,10/14/2024,$860.38 
50125709616,PO16815362,10/15/2024,"$109,489.52 "
50125710904,PO17710378,10/15/2024,"$11,909.86 "
50125711530,PO17515292,10/15/2024,"$1,796.10 "
50125713098,PO17652287,10/17/2024,$200.00 
50125713100,PO16865636,10/17/2024,"$1,393.42 "
50125713142,PO17515695,10/17/2024,"$4,190.90 "
50125717066,PO17544098,10/21/2024,"$11,560.50 "
50125717491,PO17668989,10/22/2024,"$167,442.38 "
50125717494,PO16738990,10/22/2024,"$1,255.80 "
50125717496,PO16738991,10/22/2024,"$1,506.96 "
50125718156,PO17515013,10/17/2024,"$8,713.31 "
50125718467,PO17562284,10/19/2024,"$4,127.02 "
50125718482,PO17619645,10/19/2024,$179.00 
50125721487,PO17562282,10/18/2024,"$13,362.04 "
50125721491,PO17562283,10/18/2024,"$19,528.42 "
50125721494,PO17088907,10/18/2024,"$4,161.02 "
50125723520,PO17559282,10/21/2024,"$1,667.50 "
50125723523,PO17671182,10/21/2024,"$7,039.20 "
50125723581,PO17547381,10/21/2024,"$1,651.50 "
50125725061,PO17630921,10/21/2024,$271.00 
50125726656,PO17131285,10/22/2024,$605.50 
50125726658,PO17411286,10/22/2024,$605.50 
50125726692,PO17677040,10/22/2024,"$1,020.25 "
50125727072,PO17716856,10/22/2024,$50.00 
50125727564,PO17614192,10/23/2024,"$3,220.80 "
50125727590,PO17453982,10/23/2024,$189.00 
50125727691,PO17729648,10/23/2024,$25.52 
50125729229,PO17720761,10/24/2024,$1.58 
50125729247,PO17650926,10/24/2024,$200.00 
50125729465,PO17615148,10/22/2024,$141.00 
50125729469,PO17486714,10/22/2024,$260.00 
50125729478,PO17494010,10/22/2024,$75.35 
50125729480,PO17665751,10/22/2024,$216.26 
50125731981,PO17549436,10/23/2024,"$11,248.50 "
50125733064,PO17545600,10/23/2024,"$5,600.82 "
50125733069,PO17700533,10/23/2024,"$1,566.72 "
50125734215,PO17724870,10/23/2024,"$6,000.30 "
50125734362,PO17543343,10/23/2024,"$3,294.60 "
50125734776,PO17616624,11/1/2024,"$33,241.30 "
50125736304,PO17718820,10/25/2024,$199.00 
50125736319,PO16635823,10/25/2024,"$24,303.50 "
50125736783,PO17542723,10/24/2024,$428.80 
50125737540,PO17591946,10/24/2024,$60.80 
50125739764,PO17724280,10/30/2024,$305.76 
50125739765,PO17729940,10/30/2024,$419.55 
50125740791,PO17339423,10/25/2024,"$26,464.68 "
50125740793,PO17616489,10/25/2024,"$4,749.75 "
50125740795,PO17334161,10/25/2024,"$26,464.68 "
50125741080,PO17734281,10/25/2024,$107.12 
50125744118,PO17616319,10/28/2024,"$4,116.45 "
50125744544,PO17666246,10/28/2024,$323.50 
50125745311,PO17487560,10/28/2024,"$2,311.22 "
50125745312,PO17669067,10/28/2024,$88.50 
50125746714,PO17729787,10/29/2024,$83.19 
50125747323,PO17512953,10/29/2024,"$1,197.40 "
50125747325,PO17512955,10/29/2024,$476.60 
50125747326,PO17522956,10/29/2024,"$2,383.00 "
50125747327,PO17522957,10/29/2024,"$3,891.55 "
50125748182,PO17337953,10/29/2024,"$17,202.04 "
50125750458,PO17706477,11/1/2024,"$3,185.40 "
50125753349,PO17720343,10/30/2024,"$8,275.20 "
50125756160,PO17613900,10/31/2024,"$12,931.20 "
50125756881,PO17612185,11/1/2024,$98.75 
50125757604,PO17488065,11/1/2024,$203.80 
50125759622,PO17694209,11/5/2024,"$2,496.65 "
50125762229,PO17746795,11/6/2024,"$6,506.30 "
50125764057,PO17723923,11/5/2024,$78.87 
50125766472,PO17698323,11/6/2024,"$11,362.80 "
50125766632,PO17697400,11/6/2024,"$1,650.00 "
50125769330,PO17699570,11/6/2024,"$21,570.00 "
50125769353,PO17647270,11/6/2024,"$1,542.60 "
50125770029,PO17678352,11/7/2024,$324.39 
50125770252,PO17617064,11/7/2024,"$3,609.81 "
50125770649,PO17639497,11/7/2024,$450.00 
50125772612,PO17636989,11/7/2024,$600.00 
50125773089,PO17709648,11/7/2024,"$7,230.00 "
50125776556,PO17668953,11/7/2024,$23.57 
50125776636,PO17652093,11/8/2024,"$7,203.00 "
50125780468,PO17750352,11/19/2024,$687.28 
50125781129,PO17750787,11/13/2024,$22.72 
50125783001,PO17422325,11/13/2024,"$1,667.73 "
50125783002,PO17636881,11/13/2024,$81.50 
50125784553,PO17420545,11/13/2024,$169.19 
50125790213,PO17748201,11/14/2024,"$59,950.00 "
50125790270,PO17700293,11/15/2024,$148.00 
50125790279,PO17725203,11/15/2024,"$2,507.00 "
50125790617,PO17377722,11/15/2024,$58.25 
50125791445,PO17747297,11/14/2024,$159.50 
50125792502,PO17431724,11/14/2024,"$74,790.00 "
50125795497,PO17733997,11/20/2024,"$4,360.08 "
50125796117,PO17440079,11/15/2024,"$1,426.00 "
50125796118,PO17450080,11/15/2024,"$1,426.00 "
50125796967,PO17560324,11/16/2024,"$88,475.00 "
50125797032,PO17738227,11/16/2024,$8.20 
50125797034,PO17429954,11/16/2024,"$16,417.80 "
50125797040,PO17634191,11/16/2024,"$2,843.84 "
50125797050,PO17451092,11/16/2024,$189.00 
50125798914,PO17735824,11/15/2024,"$21,165.46 "
50125799700,PO17332164,11/21/2024,"$1,736.80 "
50125799704,PO17333276,11/21/2024,"$3,690.70 "
50125799710,PO16674043,11/21/2024,$193.76 
50125800323,PO17572391,11/16/2024,$67.50 
50125800327,PO17589097,11/16/2024,"$1,421.92 "
50125800329,PO17709108,11/16/2024,"$1,457.81 "
50125800742,PO17560598,11/19/2024,"$37,552.25 "
50125801394,PO17569837,11/18/2024,"$33,587.92 "
50125802091,PO17706032,11/18/2024,"$35,098.97 "
50125802125,PO17696359,11/18/2024,"$2,413.29 "
50125802697,PO17756537,11/18/2024,"$1,292.00 "
50125802807,PO17707112,11/18/2024,"$4,786.22 "
50125803049,PO17418014,11/19/2024,"$4,862.20 "
50125804866,PO17708043,11/19/2024,$104.85 
50125804982,PO17617568,11/19/2024,"$3,040.00 "
50125805619,PO17736901,11/21/2024,$283.50 
50125808631,PO17622374,11/20/2024,"$4,718.84 "
50125810045,PO17732530,11/21/2024,"$3,402.20 "
50125812192,PO17411228,11/25/2024,"$3,456.39 "
50125814328,PO17563509,11/21/2024,"$2,621.30 "
50125814331,PO17604163,11/21/2024,$438.85 
50125814333,PO17546609,11/21/2024,$85.76 
50125816867,PO17628088,11/22/2024,"$10,539.20 "
50125816970,PO17722060,11/22/2024,$228.00 
50125818456,PO17698533,11/22/2024,"$2,382.00 "
50125819224,PO17735801,11/27/2024,"$1,250.00 "
50125819599,PO17769878,11/25/2024,$465.20 
50125822224,PO17590673,12/2/2024,$153.00 
50125822768,PO17639883,11/26/2024,"$2,438.16 "
50125825529,PO17496703,11/26/2024,$580.00 
50125826305,PO17759757,11/26/2024,"$120,510.00 "
50125826434,PO17524610,11/26/2024,$360.00 
50125827127,PO17731566,11/29/2024,$582.74 
50125828201,PO17457780,11/27/2024,$674.82 
50125828205,PO17138989,11/27/2024,$991.50 
50125828206,PO17168990,11/27/2024,$495.75 
50125828208,PO17448996,11/27/2024,"$1,050.99 "
50125829059,PO17489215,12/5/2024,"$1,480.39 "
50125830310,PO17731572,11/27/2024,$250.00 
50125830490,PO17764584,11/27/2024,$319.00 
50125833669,PO17654544,12/2/2024,"$1,172.25 "
50125833769,PO17665297,12/2/2024,$674.60 
50125833772,PO17701337,12/2/2024,$782.36 
50125835572,PO17452773,12/3/2024,"$63,534.00 "
50125835574,PO17457666,12/3/2024,"$2,541.36 "
50125837256,PO17520079,12/3/2024,"$89,000.00 "
50125839728,PO17730100,12/3/2024,"$25,490.00 "
50125839964,PO17707235,12/4/2024,$372.40 
50125840649,PO17728085,12/3/2024,"$4,001.80 "
50125841292,PO17433502,12/3/2024,"$224,370.00 "
50125842091,PO17681526,12/3/2024,"$1,652.19 "
50125842401,PO17675821,12/4/2024,$115.29 
50125843653,PO17706402,12/4/2024,"$38,335.64 "
50125843787,PO17582230,12/4/2024,"$1,093.44 "
50125844341,PO17613633,12/4/2024,$400.70 
50125844411,PO17782226,12/4/2024,"$6,920.02 "
50125844416,PO17303471,12/4/2024,"$1,234.80 "
50125846464,PO17746600,12/5/2024,"$6,037.12 "
50125846831,PO17613850,12/5/2024,$60.80 
50125849639,PO17684434,12/6/2024,"$304,464.00 "
50125851773,PO17586590,12/9/2024,$575.35 
50125852456,PO17639733,12/6/2024,$547.28 
50125852457,PO17649735,12/6/2024,$547.28 
50125855135,PO17752329,12/11/2024,"$29,742.59 "
50125859655,PO17610970,12/11/2024,"$4,243.11 "
50125859829,PO17758522,12/10/2024,$634.87 
50125864149,PO17606612,12/12/2024,"$146,040.95 "
50125867031,PO17735918,12/12/2024,"$60,258.78 "
50125867624,PO17743725,12/12/2024,$963.01 
50125869622,PO16561795,12/13/2024,$510.00 
50125869625,PO16691800,12/13/2024,$510.00 
50125869628,PO17037818,12/13/2024,$520.00 
50125870787,PO16561796,12/13/2024,$416.62 
50125871427,PO17589552,12/13/2024,"$112,284.00 "
50125873900,PO17707190,12/18/2024,"$184,238.40 "
50125874023,PO17762733,12/18/2024,$800.00 
50125874125,PO16166484,12/18/2024,$369.00 
50125874882,PO16915624,12/17/2024,"$7,508.00 "
50125874948,PO17668343,12/17/2024,"$288,440.00 "
50125874949,PO17527458,12/17/2024,"$1,053.25 "
50125875436,PO16977811,12/16/2024,$411.41 
50125875469,PO17770368,12/16/2024,"$92,560.00 "
50125878904,PO17560552,12/18/2024,"$1,260.00 "
50125879785,PO17542873,12/16/2024,"$1,265.80 "
50125879786,PO17562875,12/16/2024,$21.44 
50125879877,PO16671799,12/16/2024,$420.50 
50125879880,PO17443508,12/16/2024,"$1,289.21 "
50125880294,PO16977810,12/16/2024,$24.80 
50125881002,PO17798383,12/18/2024,"$7,190.00 "
50125883745,PO17572861,12/17/2024,"$27,339.00 "
50125884030,PO17756656,12/26/2024,"$5,504.91 "
50125884588,PO17793014,12/19/2024,"$10,335.75 "
50125884589,PO17515335,12/19/2024,"$2,993.50 "
50125885996,PO16076483,12/19/2024,$533.00 
50125885999,PO16076931,12/19/2024,$287.00 
50125890188,PO17791570,12/24/2024,$38.00 
50125890817,PO17518966,12/19/2024,$108.00 
50125891369,PO17601378,12/19/2024,"$2,611.48 "
50125892143,PO17626576,1/8/2025,$4.13 
50125892387,PO17458930,12/20/2024,$567.00 
50125896994,PO17632128,12/30/2024,$91.80 
50125896998,PO17722287,12/30/2024,$561.48 
50125898557,PO17682209,12/26/2024,"$2,451.28 "
50125898777,PO17700148,12/26/2024,"$1,210.50 "
50125899864,PO17797801,12/23/2024,$48.00 
50125899868,PO17798143,12/23/2024,"$16,869.00 "
50125902543,PO17700589,12/31/2024,"$36,470.40 "
50125903447,PO17721834,12/26/2024,"$4,820.00 "
50125904451,PO17467482,12/28/2024,"$12,498.87 "
50125904953,PO17705651,12/27/2024,"$7,545.60 "
50125906315,PO17547119,12/27/2024,$340.31 
50125908644,PO17731748,1/1/2025,$163.00 
50125908754,PO17510443,1/6/2025,"$6,091.80 "
50125908857,PO17726147,12/30/2024,$86.90 
50125908912,PO17575884,12/30/2024,$175.00 
50125908913,PO17585891,12/30/2024,$103.50 
50125910214,PO17579986,12/31/2024,"$2,541.36 "
50125911212,PO17754382,1/7/2025,"$1,021.79 "
50125911535,PO17703342,12/31/2024,"$338,923.20 "
50125912491,PO17749351,12/31/2024,$880.63 
50125916145,PO17672917,1/7/2025,$264.00 
50125917633,PO17390431,1/6/2025,"$5,298.21 "
50125917635,PO17500441,1/6/2025,$695.40 
50125917638,PO17590448,1/6/2025,$46.72 
50125917639,PO17610449,1/6/2025,"$3,040.00 "
50125917643,PO17640455,1/6/2025,$801.40 
50125919310,PO17572704,1/7/2025,"$1,305.83 "
50125919648,PO17699528,1/7/2025,"$23,145.00 "
50125919658,PO17691402,1/7/2025,"$149,580.00 "
50125919792,PO17802119,1/6/2025,$75.35 
50125920655,PO17790924,1/9/2025,"$1,433.25 "
50125921261,PO17691356,1/8/2025,$640.00 
50125922171,PO17753306,1/8/2025,"$7,526.40 "
50125922253,PO17514756,1/8/2025,"$1,197.40 "
50125922262,PO17705762,1/8/2025,$362.00 
50125922265,PO17706636,1/8/2025,$362.00 
50125922828,PO17576259,1/8/2025,"$35,380.75 "
50125925859,PO17797567,1/8/2025,"$5,325.13 "
50125929451,PO17770477,1/10/2025,"$1,635.90 "
50125929476,PO17810857,1/10/2025,"$4,740.00 "
50125930121,PO17745838,1/9/2025,"$1,007.78 "
50125930125,PO17743280,1/9/2025,"$6,150.00 "
50125935600,PO17585465,1/13/2025,"$266,885.37 "
50125935634,PO17734768,1/13/2025,"$2,389.50 "
50125936976,PO17805726,1/14/2025,$82.63 
50125937012,PO17482636,1/14/2025,"$98,312.00 "
50125937177,PO17752776,1/14/2025,$79.00 
50125937434,PO17793783,1/13/2025,$22.49 
50125939491,PO17418498,1/14/2025,$51.56 
50125939493,PO17448503,1/14/2025,$103.12 
50125939919,PO17688083,1/13/2025,"$368,560.00 "
50125939921,PO17688325,1/13/2025,"$304,464.00 "
50125939922,PO16163332,1/13/2025,$41.00 
50125943974,PO17785273,1/17/2025,"$1,737.94 "
50125944342,PO17759938,1/14/2025,$609.00 
50125944375,PO17809250,1/14/2025,"$1,223.47 "
50125945028,PO17829789,1/15/2025,$85.20 
50125945101,PO17705353,1/15/2025,$252.60 
50125945102,PO17742484,1/15/2025,"$1,200.00 "
50125945401,PO17829919,1/18/2025,"$1,129.00 "
50125945779,PO17720511,1/29/2025,"$4,442.92 "
50125946986,PO17781001,1/16/2025,"$27,289.50 "
50125946988,PO17755516,1/16/2025,"$6,995.00 "
50125946993,PO17755518,1/16/2025,"$22,978.58 "
50125947052,PO17412981,1/16/2025,$100.00 
50125947096,PO17563039,1/16/2025,$21.44 
50125948046,PO17796193,1/17/2025,$40.51 
50125949467,PO17821184,1/16/2025,$585.08 
50125949469,PO17754412,1/16/2025,"$5,460.00 "
50125949488,PO17752638,1/16/2025,"$1,300.45 "
50125951216,PO17825709,1/16/2025,"$6,339.40 "
50125951919,PO17821714,1/17/2025,$199.15 
50125959416,PO17801273,1/23/2025,"$2,213.22 "
50125959478,PO17704385,1/23/2025,"$4,660.99 "
50125959526,PO17513062,1/23/2025,"$1,668.10 "
50125959530,PO17583100,1/23/2025,"$6,429.50 "
50125960024,PO17726759,1/22/2025,"$4,820.00 "
50125961354,PO17830323,1/21/2025,$624.80 
50125963055,PO17824607,1/22/2025,$48.55 
50125964298,PO17570348,1/22/2025,$630.00 
50125964299,PO17671343,1/22/2025,$115.29 
50125964472,PO17796194,1/22/2025,$250.00 
50125967395,PO17766328,1/31/2025,"$1,516.00 "
50125967731,PO17679479,2/3/2025,"$4,955.50 "
50125967929,PO17765106,1/23/2025,$186.20 
50125968275,PO17708770,1/23/2025,$65.60 
50125968276,PO17759755,1/23/2025,"$6,428.16 "
50125968277,PO17512589,1/23/2025,$72.00 
50125972490,PO17618829,1/24/2025,"$15,859.50 "
50125972544,PO17839166,1/24/2025,$5.76 
50125973252,PO17790554,1/30/2025,$97.44 
50125974113,PO17738894,1/24/2025,"$126,388.80 "
50125974562,PO17538372,1/24/2025,"$89,000.00 "
50125974610,PO17453046,1/24/2025,$567.00 
50125975018,PO17782932,1/27/2025,"$8,777.38 "
50125975022,PO17755145,1/27/2025,"$211,497.00 "
50125975125,PO17562827,1/27/2025,$340.31 
50125975564,PO17708056,1/25/2025,"$258,436.80 "
50125976560,PO17660988,1/27/2025,"$288,440.00 "
50125976995,PO17840908,1/27/2025,$645.52 
50125978273,PO17733244,1/29/2025,"$1,725.00 "
50125978304,PO17681420,1/27/2025,"$320,488.00 "
50125979065,PO17799847,1/29/2025,$21.32 
50125980641,PO17665984,1/31/2025,$76.00 
50125986052,PO17572776,1/30/2025,$380.00 
50125986278,PO17712628,1/30/2025,"$167,562.74 "
50125986386,PO17827944,1/29/2025,$971.75 
50125986390,PO17827972,1/29/2025,"$1,892.67 "
50125986793,PO17759754,1/29/2025,"$11,161.16 "
50125988449,PO17639494,1/30/2025,$40.00 
50125988451,PO17504993,1/30/2025,$508.00 
50125989486,PO17766407,2/3/2025,$492.00 
50125989547,PO17839488,2/3/2025,$628.96 
50125989817,PO17829431,2/1/2025,$48.55 
50125990282,PO17843051,1/30/2025,$537.43 
50125990350,PO17510536,1/30/2025,"$3,998.60 "
50125991262,PO17741800,1/31/2025,$982.80 
50125991813,PO17666260,2/3/2025,$10.99 
50125992310,PO17810338,1/31/2025,$187.00 
50125992569,PO17703200,1/31/2025,"$269,126.40 "
50125992570,PO17703201,1/31/2025,"$113,184.00 "
50125994260,PO17837128,2/6/2025,$26.68 
50125996266,PO17615531,2/4/2025,"$1,055.34 "
50125996269,PO17461159,2/4/2025,"$2,773.20 "
50125996272,PO17811480,2/4/2025,"$1,143.75 "
50125997110,PO17708927,2/4/2025,"$162,230.40 "
50125997544,PO17857897,2/4/2025,"$16,920.00 "
50125997666,PO17746075,2/4/2025,$970.93 
50125997670,PO17838249,2/4/2025,"$2,280.25 "
50125997674,PO17748998,2/4/2025,"$1,941.85 "
50126000862,PO17734539,2/5/2025,"$10,474.50 "
50126002535,PO17794589,2/5/2025,"$1,562.50 "
50126004168,PO17699217,2/6/2025,"$149,580.00 "
50126004216,PO17800523,2/6/2025,$949.60 
50126005131,PO17482633,2/7/2025,"$39,329.60 "
50126005478,PO17699216,2/6/2025,"$23,145.00 "
50126005596,PO17813085,2/6/2025,"$4,539.68 "
50126005859,PO17791505,2/7/2025,$250.00 
50126005860,PO17791507,2/7/2025,$250.00 
50126005863,PO17791518,2/7/2025,$250.00 
50126005869,PO17823667,2/7/2025,$237.20 
50126013405,PO17745885,2/11/2025,"$4,300.00 "
50126013673,PO17709940,2/11/2025,"$1,433.80 "
50126014471,PO17827662,2/11/2025,"$15,000.00 "
50126014487,PO17770005,2/11/2025,"$1,603.70 "
50126015083,PO17709998,2/10/2025,"$1,289.21 "
50126016307,PO17480387,2/10/2025,"$78,651.20 "
50126018024,PO17655154,2/12/2025,$17.82 
50126020757,PO17786509,2/14/2025,$7.35 
50126021039,PO17792241,2/12/2025,$534.00 
50126022560,PO17745886,2/11/2025,"$2,912.78 "
50126024926,PO17869812,2/12/2025,"$2,217.56 "
50126025738,PO17675852,3/12/2025,"$336,512.00 "
50126034135,PO17572090,2/19/2025,$474.80 
50126034137,PO17875848,2/19/2025,$175.00 
50126034832,PO17833087,2/14/2025,$36.66 
50126039887,PO17876746,2/18/2025,$207.04 
50126042328,PO17671567,2/19/2025,"$320,488.00 "
50126043046,PO17772783,2/19/2025,$7.89 
50126043301,PO17702099,2/19/2025,"$2,086.20 "
50126043720,PO17762198,2/19/2025,$907.20 
50126044894,PO17860256,2/19/2025,$30.00 
50126045240,PO17731784,2/20/2025,$597.37 
50126045241,PO17765469,2/20/2025,$455.40 
50126045535,PO17681568,2/20/2025,"$352,536.00 "
50126048321,PO17848434,2/20/2025,"$1,116.12 "
50126049014,PO17456462,2/21/2025,$567.00 
50126050505,PO17705895,2/21/2025,$785.04 
50126051613,PO17850760,2/24/2025,"$3,727.04 "
50126052348,PO17870446,2/21/2025,$190.00 
50126052746,PO17772750,2/22/2025,$674.60 
50126053056,PO17777919,2/25/2025,"$2,947.00 "
50126056793,PO17799768,2/24/2025,$448.50 
50126056796,PO17801555,2/24/2025,$165.00 
50126058523,PO17746841,2/25/2025,"$1,088.62 "
50126059864,PO17775734,2/25/2025,$34.35 
50126059876,PO17775735,2/25/2025,$84.14 
50126059884,PO17779931,2/25/2025,$250.00 
50126060561,PO17523832,3/10/2025,"$2,667.60 "
50126061270,PO17849312,3/3/2025,$0.70 
50126062545,PO17870221,2/25/2025,"$71,400.00 "
50126063193,PO17772193,2/26/2025,$736.75 
50126063196,PO17792005,2/26/2025,$677.55 
50126063406,PO17770152,2/26/2025,$250.00 
50126063847,PO17755888,2/26/2025,"$1,365.00 "
50126066008,PO17679032,2/27/2025,"$320,488.00 "
50126066011,PO17667591,2/27/2025,"$320,488.00 "
50126066014,PO17668428,2/27/2025,"$320,488.00 "
50126073075,PO17681758,2/28/2025,"$192,296.00 "
50126073499,PO17884687,3/4/2025,"$1,890.89 "
50126073588,PO17885873,3/6/2025,$21.00 
50126074073,PO17682807,3/5/2025,"$128,200.00 "
50126074288,PO17705443,3/1/2025,"$11,947.20 "
50126075784,PO17735877,3/3/2025,$98.75 
50126076736,PO17700223,3/3/2025,"$75,456.00 "
50126078001,PO17738061,3/4/2025,$792.00 
50126080883,PO17705442,3/4/2025,"$291,134.40 "
50126080885,PO17705444,3/4/2025,"$111,926.40 "
50126080997,PO17890305,3/6/2025,$877.20 
50126081520,PO17868540,3/4/2025,"$9,562.83 "
50126081997,PO17746517,3/6/2025,"$8,212.25 "
50126090984,PO17876623,3/7/2025,"$75,688.00 "
50126090989,PO17886628,3/7/2025,"$68,808.00 "
50126090990,PO17886629,3/7/2025,"$75,688.00 "
50126091973,PO17690814,3/7/2025,"$168,264.15 "
50126092012,PO17772312,3/7/2025,"$1,402.31 "
50126092414,PO17795296,3/7/2025,"$54,275.00 "
50126092417,PO17690823,3/7/2025,"$16,895.85 "
50126092423,PO17797988,3/7/2025,"$155,072.00 "
50126097259,PO17896071,3/11/2025,$690.36 
50126097261,PO17594723,3/11/2025,$794.74 
50126098543,PO17899780,3/11/2025,"$3,712.50 "
50126102258,PO17496784,3/12/2025,"$2,200.00 "
50126102260,PO17702820,3/12/2025,$181.80 
50126102263,PO17814121,3/12/2025,"$5,598.20 "
50126102581,PO17675851,3/13/2025,"$240,368.00 "
50126104287,PO17794114,3/12/2025,$103.50 
50126106155,PO17703669,3/13/2025,"$136,449.60 "
50126106245,PO17876439,3/13/2025,"$2,897.50 "
50126107912,PO17658950,3/13/2025,$844.00 
50126107978,PO17773628,3/13/2025,$156.43 
50126110716,PO16444643,3/14/2025,$320.14 
50126111764,PO17700103,3/15/2025,"$118,843.20 "
50126112367,PO17902173,3/14/2025,$8.54 
50126115078,PO17616977,3/17/2025,$584.76 
50126115080,PO17731607,3/17/2025,$97.90 
50126115547,PO17790766,3/25/2025,$415.00 
50126115620,PO17849930,3/25/2025,$558.06 
50126115941,PO17919789,3/18/2025,"$2,600.17 "
50126116134,PO17875682,3/18/2025,$131.20 
50126116852,PO17867266,3/17/2025,"$5,533.05 "
50126118262,PO17512269,3/31/2025,"$1,796.10 "
50126118991,PO17771132,3/21/2025,$261.15 
50126118992,PO17851735,3/21/2025,$141.00 
50126119135,PO17763918,3/26/2025,"$42,165.56 "
50126119322,PO17611602,3/17/2025,$877.14 
50126120261,PO17584128,3/19/2025,$460.00 
50126121533,PO17769396,3/18/2025,"$2,321.04 "
50126123566,PO17676950,3/18/2025,"$96,152.00 "
50126124464,PO17776142,3/19/2025,$231.60 
50126126465,PO17737710,3/20/2025,"$53,448.00 "
50126127770,PO17753882,3/20/2025,$420.00 
50126127772,PO17862899,3/20/2025,$33.43 
50126129843,PO17668547,3/20/2025,"$336,512.00 "
50126130009,PO17708610,3/20/2025,"$9,432.00 "
50126132198,PO17829399,3/24/2025,"$18,367.36 "
50126132199,PO17828690,3/24/2025,"$7,653.07 "
50126132200,PO17864510,3/24/2025,"$48,697.20 "
50126133740,PO17900318,3/26/2025,"$5,600.82 "
50126134623,PO17736166,3/24/2025,"$6,916.80 "
50126134624,PO17736168,3/24/2025,"$2,515.20 "
50126135003,PO17712465,3/24/2025,"$4,590.76 "
50126135028,PO17696855,3/24/2025,"$148,158.99 "
50126135921,PO17696423,3/24/2025,"$228,558.24 "
50126136313,PO17903285,3/22/2025,$7.10 
50126136803,PO17860430,3/25/2025,$619.69 
50126139238,PO17820494,3/24/2025,"$13,019.00 "
50126139241,PO17797112,3/24/2025,"$1,941.94 "
50126139244,PO17867638,3/24/2025,"$10,296.00 "
50126139476,PO17709214,3/25/2025,"$59,107.20 "
50126139830,PO17892766,3/24/2025,$354.88 
50126140648,PO17510588,3/25/2025,"$1,668.10 "
50126140651,PO17840636,3/25/2025,"$6,138.66 "
50126142247,PO17741782,3/26/2025,$374.40 
50126146638,PO17920764,3/26/2025,"$1,123.38 "
50126146694,PO17510037,3/27/2025,$514.45 
50126147656,PO17844441,3/28/2025,"$6,138.66 "
50126147791,PO17519922,3/26/2025,"$2,394.80 "
50126147839,PO17682539,3/26/2025,"$320,488.00 "
50126150118,PO17759763,3/28/2025,$200.00 
50126150989,PO17898879,3/29/2025,"$2,535.00 "
50126150993,PO17866135,3/29/2025,"$3,220.80 "
50126151364,PO17725206,3/27/2025,$351.72 
50126151898,PO17424329,3/28/2025,"$3,086.70 "
50126151904,PO17533446,3/28/2025,"$89,000.00 "
50126151995,PO17751226,3/28/2025,"$1,218.00 "
50126152284,PO17723196,3/27/2025,$567.00 
50126152869,PO17856107,3/28/2025,$57.93 
50126152905,PO17779287,3/28/2025,"$1,391.00 "
50126153706,PO17794188,3/31/2025,"$12,900.00 "
50126153708,PO17498413,3/31/2025,"$17,570.58 "
50126154862,PO17708788,3/28/2025,"$92,433.60 "
50126157034,PO17499587,3/28/2025,$69.20 
50126157035,PO17851229,3/28/2025,$263.25 
50126159885,PO17732723,4/2/2025,$944.80 
50126160976,PO17851532,3/31/2025,$194.46 
50126163847,PO17828193,4/1/2025,"$6,060.57 "
50126164521,PO17700017,4/2/2025,"$119,472.00 "
50126165380,PO17925359,4/1/2025,"$3,998.60 "
50126166769,PO17859460,4/3/2025,"$4,277.82 "
50126169443,PO17775390,4/2/2025,"$1,489.15 "
50126169446,PO17828391,4/2/2025,"$2,863.50 "
50126169938,PO17763784,4/3/2025,$243.50 
50126172106,PO17613119,4/7/2025,"$27,944.00 "
50126184981,PO17027482,4/8/2025,"$17,927.84 "
50126186818,PO17934853,4/9/2025,"$2,262.72 "
50126202935,PO17959991,4/15/2025,$11.96 
50126205474,PO17880087,4/25/2025,$460.33 
50126208536,PO17969989,4/28/2025,"$12,916.74 "
50126212370,PO17911147,4/16/2025,"$64,804.69 "
50126214457,PO17675541,4/16/2025,"$336,512.00 "
50126214460,PO17678333,4/16/2025,"$336,512.00 "
50126215157,PO17892890,4/17/2025,$682.60 
50126215191,PO17957582,4/17/2025,$27.61 
50126217448,PO17677050,4/17/2025,"$304,464.00 "
50126223408,PO17959908,4/22/2025,"$4,128.90 "
50126224337,PO17737984,4/22/2025,"$16,786.35 "
50126226240,PO17942134,4/24/2025,$47.85 
50126227393,PO17655730,4/25/2025,$264.41 
50126228081,PO17959477,4/23/2025,"$1,786.00 "
50126228381,PO17949838,4/24/2025,$77.55 
50126228766,PO17728162,4/25/2025,$567.00 
50126232019,PO17676627,4/25/2025,"$336,512.00 "
50126233345,PO17700786,4/24/2025,"$54,705.60 "
50126238946,PO17700857,4/26/2025,"$155,942.40 "
50126239888,PO17922812,4/28/2025,"$6,600.00 "
50126241780,PO17771054,4/28/2025,"$2,006.00 "
50126244526,PO17738303,4/30/2025,$264.00 
50126245763,PO17978798,5/6/2025,"$10,656.44 "
50126250441,PO17687967,4/30/2025,"$1,129.71 "
50126250525,PO17700858,5/1/2025,"$365,961.60 "
50126250526,PO17700919,5/1/2025,"$24,523.20 "
50126250566,PO17587753,5/1/2025,"$2,859.60 "
50126251510,PO17954604,5/5/2025,$250.00 
50126251511,PO17944605,5/5/2025,$250.00 
50126251839,PO17700920,5/1/2025,"$20,750.40 "
50126252202,PO17695754,5/2/2025,"$336,512.00 "
50126254269,PO17824430,5/2/2025,"$1,617.45 "
50126254391,PO17974816,5/2/2025,"$4,905.33 "
50126254620,PO17857055,5/2/2025,$153.33 
50126255996,PO17866880,5/2/2025,"$5,889.69 "
50126255997,PO17867428,5/2/2025,"$3,863.13 "
50126257790,PO17947412,5/5/2025,$56.46 
50126257791,PO17957413,5/5/2025,$53.07 
50126258234,PO17932024,5/5/2025,$906.51 
50126259333,PO17971510,5/5/2025,$390.40 
50126261094,PO17824773,5/6/2025,$615.00 
50126263670,PO17961794,5/6/2025,"$3,895.00 "
50126263991,PO17797036,5/7/2025,$193.12 
50126265554,PO17791077,5/7/2025,"$12,900.00 "
50126265625,PO17742122,5/7/2025,$468.22 
50126265686,PO17978912,5/7/2025,$10.25 
50126267942,PO17932826,5/8/2025,"$1,781.78 "
50126269142,PO17700458,5/8/2025,"$336,512.00 "
50126269668,PO17471195,5/9/2025,$293.87 
50126270300,PO17971582,5/8/2025,$120.20 
50126270381,PO17739608,5/8/2025,$238.94 
50126273871,PO17927078,5/9/2025,$4.80 
50126273874,PO17973683,5/9/2025,$1.25 
50126274065,PO17700188,5/10/2025,$11.54 
50126277873,PO17785107,5/12/2025,$306.00 
50126279506,PO17958129,5/14/2025,"$75,688.00 "
50126279510,PO17958130,5/14/2025,"$75,688.00 "
50126280657,PO17928052,5/12/2025,"$8,908.79 "
50126288529,PO17965562,5/16/2025,$214.64 
50126288581,PO17891931,5/16/2025,$0.70 
50126295769,PO17976086,5/17/2025,"$34,932.80 "
50126295771,PO17977627,5/17/2025,"$169,673.60 "
50126297305,PO17984673,5/16/2025,$270.00 
50126297808,PO17998331,5/16/2025,$11.42 
50126299119,PO17982153,5/19/2025,"$98,288.18 "
50126300870,PO17868995,5/19/2025,"$5,636.37 "
50126301944,PO17792576,5/19/2025,"$70,950.00 "
50126302897,PO17709885,5/21/2025,"$336,512.00 "
50126303345,PO17993239,5/20/2025,"$37,841.01 "
50126304211,PO17984915,5/20/2025,"$2,892.00 "
50126304437,PO17868877,5/21/2025,$206.56 
50126306204,PO17966039,5/22/2025,"$34,649.78 "
50126306249,PO17909347,5/22/2025,"$3,117.06 "
50126307614,PO17711798,5/21/2025,$67.50 
50126307616,PO17035138,5/21/2025,"$14,726.44 "
50126307619,PO17038481,5/21/2025,"$13,125.74 "
50126307699,PO17797654,5/21/2025,"$1,506.24 "
50126311703,PO17938854,5/27/2025,$640.15 
50126311942,PO17999182,5/22/2025,"$1,096.80 "
50126311944,PO17930031,5/22/2025,"$1,920.44 "
50126312128,PO17611176,5/22/2025,"$1,754.28 "
50126312376,PO17705770,5/22/2025,"$320,488.00 "
50126312571,PO17589643,5/22/2025,$476.60 
50126316135,PO17886333,5/28/2025,"$3,955.00 "
50126316316,PO17843557,5/23/2025,$310.50 
50126323032,PO17975358,5/28/2025,"$136,237.92 "
50126324753,PO17997777,5/28/2025,"$7,229.22 "
50126324808,PO17975359,5/28/2025,"$19,712.08 "
50126325792,PO17946081,5/28/2025,$380.51 
50126326881,PO17987946,5/28/2025,"$12,747.25 "
50126330572,PO17770287,5/30/2025,"$1,165.50 "
50126331444,PO17882838,5/30/2025,"$16,272.00 "
50126332117,PO17930298,5/30/2025,$69.93 
50126332122,PO17892622,5/30/2025,$230.46 
50126334176,PO17943758,5/31/2025,$2.94 
50126334178,PO17982193,5/31/2025,"$2,892.00 "
50126338320,PO18002286,6/2/2025,$377.68 
50126338402,PO18019099,6/2/2025,"$9,331.95 "
50126339621,PO17864666,6/5/2025,$135.00 
50126341936,PO17933208,6/4/2025,"$1,226.70 "
50126342502,PO17999195,6/3/2025,$2.28 
50126343981,PO17975821,6/4/2025,"$3,374.18 "
50126344104,PO17584039,6/4/2025,$238.30 
50126351308,PO17907606,6/7/2025,$425.00 
50126351309,PO17790120,6/7/2025,"$1,579.64 "
50126353355,PO17698955,6/7/2025,"$14,720.22 "
50126353360,PO17691347,6/7/2025,"$3,795.78 "
50126354646,PO17939925,6/7/2025,"$40,028.25 "
50126354734,PO18002397,6/7/2025,"$1,100.45 "
50126355642,PO17907330,6/9/2025,"$8,050.72 "
50126356281,PO17943039,6/9/2025,$785.70 
50126357721,PO17932996,6/9/2025,$445.45 
50126357877,PO17773951,6/9/2025,$582.75 
50126360156,PO18022188,6/12/2025,$200.00 
50126360830,PO17874621,6/10/2025,"$3,032.85 "
50126362834,PO17767876,6/10/2025,"$43,920.46 "
50126363632,PO17797653,6/12/2025,"$1,773.12 "
50126365473,PO17948287,6/12/2025,$630.00 
50126365476,PO17968319,6/12/2025,$441.40 
50126367873,PO17971446,6/12/2025,$598.40 
50126368610,PO18016713,6/12/2025,$83.62 
50126369192,PO17990312,6/13/2025,$201.96 
50126369193,PO18010314,6/13/2025,$910.35 
50126381116,PO18028547,6/17/2025,"$1,134.59 "
50126381396,PO17515198,6/17/2025,"$12,402.09 "
50126384134,PO17999908,6/30/2025,"$4,854.84 "
50126386208,PO18000076,6/26/2025,"$1,623.38 "
50126389381,PO18039369,6/21/2025,$62.50 
50126390779,PO17957752,6/30/2025,"$1,020.00 "
50126392868,PO17817463,6/20/2025,"$1,337.57 "
50126394022,PO18018603,6/23/2025,"$1,170.68 "
50126395187,PO17936203,6/27/2025,$946.00 
50126396125,PO17795203,6/23/2025,"$2,061.84 "
50126396420,PO17847520,6/23/2025,$90.08 
50126396421,PO17847523,6/23/2025,$108.22 
50126396424,PO17925682,6/23/2025,"$1,322.80 "
50126397317,PO17869940,6/23/2025,"$5,383.05 "
50126397608,PO17948068,6/25/2025,$447.04 
50126397636,PO18031840,6/25/2025,"$17,201.70 "
50126397747,PO17842344,6/25/2025,"$13,393.44 "
50126398358,PO17653383,6/23/2025,$341.00 
50126404579,PO17791151,6/25/2025,$687.28 
50126404847,PO17895789,6/25/2025,$185.00 
50126406266,PO17856439,7/10/2025,$252.60 
50126406268,PO17956633,7/10/2025,"$3,729.24 "
50126407821,PO17971580,6/26/2025,"$155,700.48 "
50126408974,PO17827863,6/26/2025,$104.48 
50126408976,PO17905221,6/26/2025,"$6,368.04 "
50126409884,PO18016953,6/27/2025,"$1,167.00 "
50126413217,PO17902353,6/27/2025,"$1,010.80 "
50126415971,PO18022047,6/28/2025,$6.41 
50126416069,PO17516479,6/28/2025,"$2,993.50 "
50126417057,PO18036039,6/28/2025,"$12,690.50 "
50126417058,PO17937613,6/28/2025,"$113,605.50 "
50126417171,PO17526481,6/28/2025,"$1,191.50 "
50126418313,PO17945853,6/28/2025,$65.60 
50126419831,PO18038688,7/3/2025,"$13,437.00 "
50126423933,PO17867918,7/1/2025,$135.00 
50126436285,PO18037663,7/8/2025,"$75,688.00 "
50126439148,PO17829409,7/9/2025,$817.00 
50126447996,PO18050505,7/11/2025,$453.90 
50126449279,PO18041907,7/12/2025,"$75,688.00 "
50126449282,PO18041908,7/12/2025,"$75,688.00 "
50126453776,PO18048516,7/17/2025,"$5,380.20 "
50126458156,PO17617635,7/15/2025,"$35,136.00 "
50126458157,PO17847639,7/15/2025,"$21,960.00 "
50126458159,PO17897641,7/15/2025,"$21,960.00 "
50126458695,PO18003416,7/16/2025,"$25,900.00 "
50126458699,PO18014417,7/16/2025,"$25,900.00 "
50126459492,PO17981461,7/15/2025,"$17,676.66 "
50126459797,PO17907265,7/15/2025,"$207,804.00 "
50126459798,PO17907270,7/15/2025,"$21,662.00 "
50126460125,PO18025917,7/15/2025,"$6,333.48 "
50126460129,PO18023389,7/15/2025,"$5,784.00 "
50126460196,PO18064383,7/15/2025,$6.48 
50126463133,PO18038651,7/17/2025,"$15,676.50 "
50126463557,PO17948676,7/18/2025,$21.30 
50126464555,PO17996631,7/16/2025,"$32,544.00 "
50126467213,PO17984896,7/18/2025,"$6,296.25 "
50126469239,PO17922953,7/17/2025,$210.00 
50126470125,PO18032623,7/18/2025,"$27,747.09 "
50126470135,PO18032979,7/18/2025,"$134,547.21 "
50126475394,PO18035882,7/22/2025,"$2,986.00 "
50126475426,PO18079466,7/22/2025,$31.88 
50126475975,PO18024500,7/21/2025,$270.71 
50126475981,PO18073918,7/21/2025,$751.85 
50126476514,PO18097432,7/31/2025,"$1,953.86 "
50126477282,PO18063951,7/21/2025,"$2,825.00 "
50126478026,PO18053107,7/29/2025,"$7,726.72 "
50126478186,PO17792038,7/29/2025,"$3,538.92 "
50126479395,PO18072365,7/21/2025,"$2,380.08 "
50126479916,PO18070554,7/22/2025,"$1,950.00 "
50126481615,PO17945317,7/25/2025,$35.28 
50126483120,PO17769056,7/24/2025,"$37,432.50 "
50126487101,PO17948085,7/23/2025,$230.12 
50126488749,PO17893814,7/25/2025,$212.50 
50126491943,PO18035607,7/25/2025,"$5,248.40 "
50126491944,PO18035608,7/25/2025,$115.00 
50126492658,PO18058551,7/24/2025,$225.00 
50126494749,PO17943284,7/30/2025,"$1,600.00 "
50126497339,PO18045682,7/26/2025,$963.00 
50126499392,PO17849474,7/28/2025,$613.86 
50126499874,PO17831717,7/28/2025,$282.36 
50126500550,PO18021531,7/29/2025,"$3,926.46 "
50126501084,PO17799437,7/28/2025,"$2,527.80 "
50126506980,PO18086586,7/30/2025,"$7,700.00 "
50126507002,PO17951792,7/30/2025,$287.95 
50126508220,PO17982356,8/1/2025,"$5,761.00 "
50126508500,PO18077060,7/30/2025,"$2,960.26 "
50126508509,PO18027302,7/30/2025,"$5,953.02 "
50126509145,PO18093336,8/1/2025,$0.84 
50126509503,PO17490451,7/31/2025,"$3,620.62 "
50126509504,PO17490452,7/31/2025,"$5,430.93 "
50126509629,PO18027067,7/31/2025,"$1,247.60 "
50126509968,PO17795866,7/31/2025,"$38,700.00 "
50126511111,PO17867916,7/31/2025,$50.00 
50126511795,PO18096085,7/31/2025,"$1,723.21 "
50126513164,PO17979116,8/1/2025,"$24,452.96 "
50126516755,PO18093420,8/6/2025,"$3,294.56 "
50126517281,PO17842789,8/7/2025,$363.60 
50126518099,PO18094447,8/5/2025,$63.27 
50126520802,PO18088329,8/5/2025,"$1,600.00 "
50126522676,PO17893190,8/7/2025,"$2,196.00 "
50126523922,PO17840583,8/6/2025,$674.60 
50126526073,PO17917235,8/7/2025,"$4,373.76 "
50126526285,PO18092065,8/7/2025,"$2,896.65 "
50126526329,PO18050417,8/8/2025,"$4,564.00 "
50126526331,PO18050420,8/8/2025,"$6,846.00 "
50126526332,PO18050421,8/8/2025,"$5,703.00 "
50126526497,PO17897244,8/8/2025,"$2,196.00 "
50126526499,PO17917245,8/8/2025,"$13,176.00 "
50126526817,PO18090830,8/8/2025,"$5,500.00 "
50126528230,PO18091766,8/8/2025,$550.00 
50126529722,PO17848520,8/8/2025,"$19,764.00 "
50126529743,PO18091848,8/8/2025,"$1,692.53 "
50126529780,PO17910015,8/8/2025,$143.00 
50126531332,PO18022430,8/8/2025,$975.22 
50126534751,PO17847243,8/11/2025,"$2,196.00 "
50126536344,PO18032482,8/11/2025,"$4,279.90 "
50126536346,PO18032483,8/11/2025,$115.00 
50126536618,PO18091081,8/11/2025,"$15,620.34 "
50126537522,PO18115421,8/12/2025,$1.64 
50126538040,PO17977314,8/11/2025,$357.21 
50126540414,PO17994960,8/14/2025,$85.05 
50126540434,PO18029404,8/14/2025,$356.10 
50126541955,PO18115557,8/12/2025,$13.88 
50126547292,PO18014691,8/13/2025,"$3,589.87 "
50126547311,PO18118365,8/13/2025,$779.00 
50126549385,PO18095768,8/13/2025,"$14,726.44 "
50126551475,PO18032475,8/15/2025,$299.20 
50126552291,PO18109580,8/15/2025,$88.74 
50126553097,PO17931563,8/15/2025,"$1,109.12 "
50126554312,PO17497893,8/18/2025,"$9,051.55 "
50126555189,PO18111723,8/19/2025,"$3,116.00 "
50126559841,PO18039360,8/18/2025,"$13,768.00 "
50126561341,PO18030862,8/18/2025,"$48,168.00 "
50126561343,PO18040865,8/18/2025,"$27,528.00 "
50126562281,PO18105334,8/21/2025,$56.58 
50126562944,PO17799748,8/19/2025,"$8,575.18 "
50126564228,PO18119979,8/20/2025,$126.51 
50126565567,PO18071234,8/22/2025,"$14,280.48 "
50126565648,PO18039480,8/22/2025,"$46,290.00 "
50126565710,PO17823843,8/22/2025,$0.35 
50126566718,PO17891380,8/21/2025,$637.50 
50126567353,PO17906790,8/20/2025,"$131,955.54 "
50126569324,PO18105335,8/20/2025,$450.00 
50126569686,PO17924185,8/20/2025,"$3,998.60 "
50126572907,PO17849116,8/21/2025,"$48,312.00 "
50126573939,PO18054327,8/22/2025,$21.89 
50126576163,PO18028181,8/25/2025,"$2,611.40 "
50126576408,PO17619765,8/22/2025,"$1,929.72 "
50126578181,PO17949521,8/26/2025,"$9,783.00 "
50126581521,PO18122822,8/26/2025,"$1,398.00 "
50126585190,PO17947740,8/28/2025,"$1,119.00 "
50126585924,PO17970087,8/27/2025,"$6,319.50 "
50126586227,PO18120451,8/28/2025,$502.95 
50126589471,PO18034626,9/2/2025,"$13,768.00 "
50126589769,PO18056463,9/2/2025,"$2,878.02 "
50126589771,PO17851983,9/2/2025,$252.60 
50126590363,PO17995281,8/28/2025,$795.53 
50126593263,PO18133603,8/29/2025,$8.38 
50126595239,PO18056932,8/29/2025,"$1,258.20 "
50126602291,PO18034627,9/2/2025,"$34,408.00 "
50126602295,PO18034628,9/2/2025,"$27,528.00 "
50126602299,PO18047588,9/2/2025,"$34,408.00 "
50126604824,PO17843794,9/3/2025,$363.60 
50126610510,PO17939098,9/4/2025,$523.25 
50126614862,PO18088869,9/5/2025,"$8,784.00 "
50126614937,PO17798830,9/5/2025,"$3,033.36 "
50126615761,PO18088098,9/5/2025,"$259,357.02 "
50126618763,PO18145046,9/9/2025,"$13,737.50 "
50126620035,PO18108248,9/8/2025,$41.36 
50126622118,PO18047506,9/9/2025,$145.31 
50126622122,PO18041678,9/9/2025,$153.45 
50126622129,PO18051680,9/9/2025,$402.64 
50126622286,PO18041984,9/9/2025,$250.00 
50126622289,PO18041679,9/9/2025,$250.00 
50126622290,PO18065318,9/9/2025,$250.00 
50126624275,PO18136744,9/11/2025,"$17,092.97 "
50126626494,PO18064306,9/11/2025,$430.07 
50126627354,PO17900098,9/10/2025,"$274,301.28 "
50126627620,PO17490007,9/10/2025,"$3,222.34 "
50126627816,PO17990116,9/10/2025,$441.40 
50126632238,PO18066676,9/11/2025,"$2,964.68 "
50126632801,PO18156768,9/11/2025,"$1,211.82 "
50126634708,PO18086677,9/12/2025,"$2,896.65 "
50126635282,PO18147178,9/12/2025,"$1,330.00 "
50126635819,PO17970121,9/12/2025,$820.80 
50126639300,PO18120257,9/16/2025,"$18,700.00 "
50126639511,PO18080319,9/18/2025,"$45,305.00 "
50126639542,PO17954729,9/18/2025,"$1,207.00 "
50126641198,PO17871441,9/15/2025,"$1,284.00 "
50126641998,PO18133333,9/17/2025,$40.80 
50126644017,PO18149878,9/18/2025,$166.39 
50126644429,PO18056202,9/15/2025,$117.72 
50126644435,PO17896864,9/15/2025,$483.40 
50126644436,PO17926866,9/15/2025,$164.32 
50126646259,PO18125258,9/15/2025,"$1,025.15 "
50126646562,PO18099111,9/16/2025,"$5,902.80 "
50126654041,PO18006133,9/18/2025,"$1,065.00 "
50126654422,PO18093300,9/18/2025,$250.00 
50126654423,PO18098308,9/18/2025,"$1,382.08 "
50126654577,PO18157370,9/18/2025,$355.00 
50126654749,PO17795890,9/22/2025,"$10,025.40 "
50126655065,PO18159205,9/19/2025,$75.35 
50126655391,PO18146890,9/19/2025,"$3,676.68 "
50126655568,PO18088567,9/19/2025,"$30,031.20 "
50126658185,PO18123381,9/22/2025,"$1,150.00 "
50126662041,PO18052556,9/22/2025,$351.96 
50126663625,PO18129035,9/23/2025,$52.83 
50126663627,PO18129602,9/23/2025,$250.00 
50126664314,PO17825901,9/22/2025,$53.11 
50126666273,PO17809508,9/23/2025,"$3,951.90 "
50126668833,PO18160932,9/24/2025,$24.70 
50126669508,PO18028620,9/23/2025,"$5,509.71 "
50126672849,PO18073191,9/24/2025,"$1,135.05 "
50126674197,PO18036469,9/25/2025,"$27,528.00 "
50126678361,PO18098441,9/25/2025,"$1,460.75 "
50126678364,PO18075870,9/25/2025,"$4,200.00 "
50126678367,PO18098938,9/25/2025,"$1,050.00 "
50126678530,PO18168930,9/25/2025,$131.71 
50126679238,PO18037326,9/25/2025,"$34,408.00 "
50126680058,PO18163356,9/26/2025,"$10,000.00 "
50126680424,PO18161366,9/26/2025,"$80,000.00 "
50126681546,PO18148657,9/26/2025,"$22,116.00 "
50126681811,PO17891929,9/26/2025,"$17,568.00 "
50126685430,PO18066896,9/27/2025,"$162,824.00 "
50126686172,PO18156759,9/29/2025,$32.71 
50126688860,PO17618310,9/30/2025,"$1,929.72 "
50126692463,PO18143696,9/30/2025,"$24,100.47 "
50126692830,PO18021042,9/30/2025,"$1,069.42 "
50126692905,PO18089623,9/30/2025,"$2,750.00 "
50126693744,PO18171515,10/1/2025,$215.81 
50126694400,PO18120550,10/1/2025,$56.14 
50126694911,PO18063577,10/1/2025,"$3,964.93 "
50126695603,PO18069476,10/1/2025,"$2,892.00 "
50126696097,PO18032714,10/1/2025,"$16,516.50 "
50126701717,PO18129877,10/3/2025,$250.00 
50126703878,PO18166482,10/3/2025,$72.93 
50126705226,PO17963055,10/7/2025,$452.25 
50126705261,PO18037293,10/7/2025,"$3,624.86 "
50126708338,PO18164850,10/6/2025,$209.95 
50126709481,PO18182249,10/6/2025,$74.52 
50126712729,PO17979896,10/8/2025,$5.75 
50126716414,PO18176201,10/8/2025,$143.96 
50126718913,PO18017078,10/9/2025,$4.50 
50126722266,PO17846946,10/10/2025,"$13,740.30 "
50126723100,PO18199708,10/10/2025,$633.70 
50126723326,PO18110960,10/10/2025,$34.96 
50126726931,PO17889123,10/14/2025,$135.00 
50126732447,PO17875939,10/13/2025,"$6,602.04 "
50126735542,PO18035727,10/15/2025,$72.39 
50126736463,PO18186362,10/14/2025,"$9,406.88 "
50126738552,PO18032198,10/17/2025,"$13,768.00 "
50126738553,PO18042199,10/17/2025,"$20,648.00 "
50126738675,PO17610311,10/17/2025,$643.24 
50126742527,PO18018953,10/16/2025,$1.64 
50126744182,PO18066250,10/17/2025,"$169,608.00 "
50126745021,PO18134273,10/18/2025,$74.39 
50126745649,PO18044518,10/20/2025,"$34,408.00 "
50126745653,PO18067317,10/20/2025,"$162,824.00 "
50126749091,PO18208116,10/20/2025,"$13,205.33 "
50126750096,PO18044517,10/20/2025,"$6,888.00 "
50126751329,PO18044519,10/20/2025,"$34,408.00 "
50126753691,PO18234527,11/7/2025,$39.27 
50126755132,PO17990272,10/21/2025,$630.40 
50126755286,PO17761087,10/21/2025,"$288,440.00 "
50126756844,PO17740661,10/21/2025,"$304,464.00 "
50126759634,PO18198337,10/22/2025,$599.35 
50126759693,PO18004200,10/22/2025,$946.40 
50126759696,PO18196550,10/22/2025,$271.20 
50126761988,PO17721005,10/23/2025,"$336,512.00 "
50126761992,PO17751008,10/23/2025,"$288,440.00 "
50126761995,PO17781957,10/23/2025,"$256,392.00 "
50126762028,PO17843431,10/23/2025,"$15,346.50 "
50126764325,PO17761009,10/23/2025,"$288,440.00 "
50126764349,PO18168190,10/23/2025,"$2,113.10 "
50126765563,PO17904027,10/24/2025,"$6,234.12 "
50126766683,PO18126629,11/4/2025,"$1,597.75 "
50126767626,PO17723280,10/24/2025,"$336,512.00 "
50126767629,PO17745496,10/24/2025,"$336,512.00 "
50126769156,PO17775497,10/25/2025,"$288,440.00 "
50126770172,PO18024005,10/27/2025,"$4,369.77 "
50126771457,PO17894119,10/27/2025,"$13,176.00 "
50126771704,PO18141397,10/28/2025,$748.62 
50126771727,PO17924140,10/28/2025,$139.24 
50126771952,PO18179703,10/27/2025,"$3,323.07 "
50126774426,PO18129506,10/27/2025,"$2,829.74 "
50126775456,PO18171337,10/28/2025,"$8,671.97 "
50126776282,PO18177520,10/28/2025,"$99,407.88 "
50126776560,PO18204288,10/31/2025,"$1,623.38 "
50126778065,PO18177932,10/29/2025,"$38,287.07 "
50126781100,PO18037120,10/30/2025,"$46,290.00 "
50126781114,PO18037121,10/30/2025,"$179,496.00 "
50126781550,PO18228097,11/4/2025,$38.00 
50126783729,PO18222172,10/30/2025,$60.87 
50126788249,PO18223156,11/5/2025,"$2,911.88 "
50126788757,PO18187826,11/3/2025,$690.00 
50126791514,PO18216959,11/3/2025,"$2,174.14 "
50126801485,PO17957136,11/6/2025,$428.00 
50126802752,PO18194558,11/7/2025,$6.65 
50126805613,PO18162129,11/7/2025,$144.38 
50126807428,PO18164679,11/7/2025,$0.33 
50126807430,PO18195553,11/7/2025,$8.45 
50126808393,PO18170037,11/7/2025,"$3,323.07 "
50126808921,PO18237392,11/8/2025,$38.00 
50126809733,PO17896780,11/7/2025,"$8,784.00 "
50126817682,PO18166383,12/4/2025,"$17,850.23 "
50126821798,PO18211437,11/12/2025,"$2,210.68 "
50126821902,PO18192185,11/12/2025,$151.20 
50126821906,PO18176300,11/12/2025,$69.62 
50126821981,PO18231196,11/12/2025,$116.00 
50126827913,PO18062575,11/14/2025,"$169,608.00 "
50126831343,PO18235873,11/14/2025,"$2,738.16 "
50126838516,PO17936576,11/19/2025,$523.25 
50126838518,PO18190318,11/19/2025,$92.75 
50126838658,PO18178214,11/19/2025,"$1,572.84 "
50126839014,PO18069662,11/18/2025,"$169,608.00 "
50126840638,PO18048272,11/19/2025,$407.25 
50126840672,PO18152153,11/19/2025,$914.63 
50126840692,PO18202264,11/19/2025,"$17,000.00 "
50126842550,PO18223238,11/20/2025,"$1,613.28 "
50126842653,PO18080033,11/20/2025,"$65,130.00 "
50126846310,PO18239031,11/20/2025,"$2,008.44 "
50126846966,PO18173430,11/20/2025,$234.11 
50126847206,PO17782027,11/20/2025,"$11,138.16 "
50126851544,PO18161623,11/21/2025,$77.75 
50126851545,PO18164386,11/21/2025,$250.00 
50126851546,PO18174387,11/21/2025,$250.00 
50126852477,PO18165018,11/21/2025,"$120,000.00 "
50126854821,PO18124224,11/24/2025,"$1,468.75 "
50126857257,PO17994989,11/26/2025,"$3,532.50 "
50126857421,PO18132608,11/25/2025,$140.00 
50126857887,PO18234506,11/24/2025,$883.17 
50126857978,PO18195443,11/26/2025,$64.97 
50126862629,PO18015077,11/26/2025,$193.02 
50126864247,PO18022881,11/26/2025,"$4,749.75 "
50126866432,PO18211004,11/26/2025,"$1,415.70 "
50126870408,PO18028009,12/1/2025,"$3,624.86 "
50126870411,PO18122541,12/1/2025,"$1,000.12 "
50126870453,PO18194142,12/1/2025,$11.25 
50126871189,PO18266716,12/2/2025,"$1,051.65 "
50126871367,PO18032535,12/1/2025,"$1,003.00 "
50126873899,PO18265980,12/2/2025,"$1,515.72 "
50126874422,PO18194532,12/2/2025,$161.33 
50126875831,PO18095310,12/2/2025,"$3,440.43 "
50126879039,PO18048023,12/5/2025,$832.50 
50126879872,PO18214399,12/8/2025,$207.87 
50126879924,PO18053155,12/8/2025,$330.00 
50126881239,PO18261660,12/3/2025,"$2,843.35 "
50126884084,PO18277340,12/4/2025,"$1,506.36 "
50126887492,PO18182546,12/5/2025,"$15,552.00 "
50126887514,PO18030138,12/5/2025,"$9,071.75 "
50126887517,PO18110488,12/5/2025,"$9,071.75 "
50126888750,PO18022794,12/9/2025,"$3,624.86 "
50126896227,PO18159783,12/10/2025,"$67,848.00 "
50126897076,PO18150045,12/10/2025,"$266,884.44 "
50126897288,PO18278473,12/9/2025,"$13,206.53 "
50126898181,PO18252095,12/10/2025,$74.38 
50126898185,PO18093320,12/10/2025,$797.14 
50126901458,PO18274244,12/11/2025,"$1,576.00 "
50126901460,PO18124961,12/11/2025,$500.06 
50126903825,PO18285663,12/11/2025,$706.67 
50126904051,PO18287336,12/11/2025,$727.50 
50126905144,PO18114779,12/12/2025,$378.00 
50126905312,PO18244776,12/12/2025,"$32,758.30 "
50126909352,PO18288253,12/12/2025,"$4,188.19 "
50126913103,PO18188926,12/16/2025,$756.00 
50126914283,PO18213338,12/15/2025,$4.24 
50126915804,PO18254124,12/15/2025,"$9,040.00 "
50126923518,PO18009758,12/24/2025,"$50,008.00 "
50126924107,PO18293466,12/18/2025,$359.39 
50126924701,PO18285121,12/19/2025,"$25,027.67 "
50126930248,PO18208756,1/9/2026,"$1,732.50 "
50126949596,PO18117079,1/2/2026,$21.89 
50126949599,PO18157083,1/2/2026,$239.06 
50126950645,PO18218307,1/2/2026,$40.45 
50126954008,PO17089515,1/2/2026,$483.59 
50126954164,PO18280216,1/5/2026,"$25,594.18 "
50126956583,PO18197088,1/2/2026,$474.60 
50126956585,PO18269458,1/2/2026,$226.80 
50126957111,PO18199492,1/2/2026,$59.67 
50126960633,PO18197087,1/6/2026,$683.47 
50126962401,PO18250445,1/7/2026,$995.81 
50126968007,PO18199491,1/7/2026,$96.46 
50126969155,PO18221713,1/9/2026,$970.63 
50126969942,PO18259455,1/9/2026,$221.00 
50126976321,PO17845114,1/10/2026,$500.00 
50126976419,PO18127080,1/10/2026,"$1,329.00 "
50126976420,PO18279459,1/10/2026,"$5,871.80 "
50126977376,PO18316135,1/12/2026,"$1,691.78 "
50126978259,PO18301799,1/20/2026,$871.23 
50126979387,PO18288974,1/13/2026,"$1,200.40 "
50126979603,PO17992626,1/13/2026,"$416,632.00 "
50126980359,PO17800274,1/12/2026,"$352,536.00 "
50126980362,PO17810275,1/12/2026,"$352,536.00 "
50126980364,PO17801759,1/12/2026,"$352,536.00 "
50126980472,PO18200999,1/12/2026,$478.25 
50126980473,PO18317477,1/12/2026,$264.60 
50126982500,PO17791758,1/12/2026,"$352,536.00 "
50126982503,PO18005395,1/12/2026,"$432,656.00 "
50126984110,PO17994104,1/14/2026,"$416,632.00 "
50126989242,PO17991033,1/14/2026,"$416,632.00 "
50126991292,PO18223634,1/15/2026,$970.63 
50126993485,PO18316883,1/15/2026,$187.98 
50126994586,PO18264139,1/16/2026,$201.45 
50126997590,PO18299898,1/26/2026,"$50,939.55 "
50126998727,PO18145158,1/17/2026,$487.61 
50127000554,PO17942293,1/20/2026,"$3,933.40 "
50127001072,PO18222978,1/21/2026,$970.63 
50127003913,PO18314848,1/20/2026,"$5,639.27 "
50127003920,PO18129975,1/20/2026,$435.00 
50127003922,PO18230185,1/20/2026,$10.19 
50127009538,PO18340559,1/21/2026,$262.34 
50127010166,PO18217924,1/24/2026,"$3,486.98 "
50127010391,PO18240543,1/21/2026,"$1,068.72 "
50127013156,PO18144356,1/23/2026,"$3,091.20 "
50127013845,PO18282693,1/22/2026,"$3,184.93 "
50127013880,PO18150668,1/22/2026,"$67,848.00 "
50127013883,PO18151084,1/22/2026,"$67,848.00 "
50127013887,PO18151160,1/22/2026,"$67,848.00 "
50127013891,PO18151889,1/22/2026,"$67,848.00 "
50127013895,PO18161892,1/22/2026,"$67,848.00 "
50127013898,PO18161894,1/22/2026,"$67,848.00 "
50127013900,PO18162142,1/22/2026,"$67,848.00 "
50127015641,PO18151891,1/22/2026,"$67,848.00 "
50127016496,PO18278807,1/23/2026,"$8,440.82 "
50127021365,PO18151890,1/27/2026,"$101,912.00 "
50127021367,PO18152391,1/27/2026,"$169,848.00 "
50127021756,PO18076473,1/27/2026,"$3,150.84 "
50127022370,PO18347726,1/28/2026,$5.88 
50127025606,PO18188719,2/2/2026,$176.14 
50127025609,PO18269016,2/2/2026,$121.50 
50127025612,PO18189715,2/2/2026,"$8,927.36 "
50127025617,PO18181223,2/2/2026,$72.87 
50127025620,PO18191224,2/2/2026,$91.44 
50127025622,PO18182378,2/2/2026,$291.47 
50127026148,PO18283070,1/27/2026,"$3,340.79 "
50127026151,PO18313075,1/27/2026,"$6,011.60 "
50127027987,PO18296372,1/27/2026,"$10,481.42 "
50127029605,PO18022513,1/28/2026,"$5,509.71 "
50127032169,PO18217355,1/30/2026,"$8,052.00 "
50127032172,PO18155362,1/30/2026,"$14,184.60 "
50127032442,PO18347829,1/29/2026,$90.00 
50127033708,PO18233680,1/30/2026,$352.80 
50127033895,PO18351492,1/29/2026,$32.09 
50127033993,PO18309252,1/29/2026,$2.91 
50127034045,PO17928360,1/29/2026,$46.72 
50127034444,PO18184334,2/3/2026,$425.15 
50127036311,PO18099896,1/30/2026,"$9,008.27 "
50127037158,PO18182925,2/5/2026,"$67,390.80 "
50127037505,PO18319027,1/30/2026,"$49,061.61 "
50127039601,PO18332185,1/31/2026,$43.73 
50127039604,PO18185797,1/31/2026,"$1,747.65 "
50127041235,PO18130080,2/3/2026,"$1,404.50 "
50127041237,PO18352570,2/3/2026,"$2,448.50 "
50127042424,PO18093678,2/2/2026,"$2,871.42 "
50127042431,PO18201931,2/2/2026,"$55,459.44 "
50127042537,PO18155405,2/2/2026,"$271,752.00 "
50127042539,PO18164723,2/2/2026,"$67,848.00 "
50127042588,PO18292241,2/2/2026,$316.75 
50127042878,PO18279725,2/2/2026,"$5,064.49 "
50127042881,PO18272965,2/2/2026,"$3,376.33 "
50127042933,PO18043518,2/2/2026,"$3,653.16 "
50127046386,PO18281427,2/4/2026,$127.45 
50127046562,PO18275751,2/4/2026,"$8,717.45 "
50127046977,PO17900312,2/4/2026,"$18,305.50 "
50127046981,PO18353354,2/4/2026,"$2,936.70 "
50127047787,PO18336759,2/3/2026,$24.53 
50127047811,PO18186222,2/3/2026,$609.00 
50127047850,PO18187719,2/3/2026,$169.85 
50127047858,PO18181142,2/3/2026,"$8,601.00 "
50127047867,PO18183000,2/3/2026,$528.42 
50127047872,PO18184335,2/3/2026,$176.14 
50127049373,PO18210089,2/3/2026,"$1,350.84 "
50127052063,PO18105326,2/4/2026,$27.37 
50127052085,PO18256155,2/4/2026,"$2,422.00 "
50127052655,PO18215944,2/5/2026,"$2,652.94 "
50127052731,PO18285752,2/5/2026,$310.73 
50127052734,PO18188995,2/5/2026,$91.44 
50127052736,PO18288999,2/5/2026,$903.41 
50127052739,PO18329000,2/5/2026,$153.62 
50127052741,PO18209016,2/5/2026,$91.44 
50127053179,PO18088082,2/5/2026,"$30,924.60 "
50127053772,PO18184922,2/6/2026,$971.09 
50127053776,PO18182268,2/6/2026,"$36,957.48 "
50127053780,PO18185384,2/6/2026,$300.00 
50127054028,PO18136132,2/6/2026,"$1,403.00 "
50127054336,PO18185456,2/5/2026,$844.90 
50127054340,PO18274283,2/5/2026,$188.10 
50127054364,PO18205743,2/5/2026,"$6,675.20 "
50127055902,PO18284695,2/6/2026,"$1,345.59 "
50127055986,PO18257997,2/6/2026,$622.30 
50127060293,PO18170523,2/6/2026,$65.60 
50127061469,PO18345177,2/7/2026,"$12,218.90 "
50127062254,PO18174678,2/11/2026,$960.96 
50127062325,PO17891691,2/9/2026,"$27,572.00 "
50127063835,PO18347331,2/11/2026,"$310,008.00 "
50127064119,PO18210617,2/11/2026,"$12,581.60 "
50127064133,PO18375568,2/11/2026,$121.00 
50127065576,PO18258155,2/10/2026,"$1,250.00 "
50127065629,PO18180437,2/10/2026,$128.01 
50127065632,PO18355883,2/10/2026,$617.58 
50127065983,PO18185771,2/9/2026,$72.41 
50127065986,PO18185772,2/9/2026,$613.34 
50127065995,PO18154714,2/9/2026,"$101,912.00 "
50127066313,PO18308888,2/9/2026,$389.20 
50127068534,PO18353347,2/12/2026,$152.08 
50127069047,PO18152625,2/14/2026,"$1,549.32 "
50127069658,PO18360929,2/12/2026,$420.00 
50127069725,PO18365552,2/12/2026,$13.32 
50127070652,PO18265433,2/11/2026,$1.79 
50127071091,PO18372859,2/10/2026,"$2,161.89 "
50127073294,PO18220094,2/13/2026,$970.63 
50127073366,PO18360930,2/13/2026,$435.28 
50127073396,PO18265600,2/13/2026,$206.28 
50127075313,PO18100446,2/11/2026,"$1,490.36 "
50127075605,PO18297133,2/11/2026,"$16,146.08 "
50127076193,PO18343882,2/13/2026,"$5,985.38 "
50127076998,PO18358683,2/13/2026,"$3,759.00 "
50127077635,PO18272109,2/12/2026,$634.13 
50127078060,PO17497890,2/13/2026,$71.52 
50127078061,PO17490087,2/13/2026,"$16,413.96 "
50127078296,PO18377832,2/13/2026,"$13,166.34 "
50127078351,PO18335367,2/13/2026,"$3,268.98 "
50127078354,PO18215896,2/13/2026,"$1,605.00 "
50127078578,PO18352396,2/13/2026,"$1,721.50 "
50127081091,PO18366814,2/13/2026,"$1,582.68 "
50127081906,PO18153445,2/14/2026,"$169,848.00 "
50127082345,PO17953385,2/14/2026,"$132,935.70 "
50127082348,PO18214526,2/14/2026,$255.73 
50127082352,PO18189842,2/14/2026,"$2,793.28 "
50127082355,PO18189843,2/14/2026,$464.00 
50127082357,PO18319866,2/14/2026,$681.05 
50127082858,PO18232814,2/13/2026,"$2,406.00 "
50127082864,PO18242557,2/13/2026,"$7,540.65 "
50127084782,PO18222133,2/14/2026,$970.63 
50127084810,PO18190736,2/14/2026,$343.16 
50127084837,PO18232462,2/14/2026,$731.52 
50127084868,PO18182938,2/14/2026,"$4,614.37 "
50127084872,PO18182658,2/14/2026,$352.27 
50127084874,PO18185594,2/14/2026,$91.44 
50127084878,PO18180077,2/14/2026,"$9,049.13 "
50127084880,PO18230525,2/14/2026,"$90,293.84 "
50127085842,PO18229671,2/17/2026,"$15,029.00 "
50127086068,PO18162521,2/18/2026,"$67,848.00 "
50127086109,PO18182979,2/18/2026,"$21,401.55 "
50127086113,PO18304774,2/18/2026,$794.92 
50127086114,PO18135555,2/18/2026,$561.80 
50127086116,PO18187029,2/18/2026,"$3,148.17 "
50127086205,PO18227101,2/18/2026,$356.00 
50127086551,PO18217730,2/17/2026,$0.43 
50127086826,PO18322691,2/17/2026,$52.00 
50127086830,PO18315652,2/17/2026,"$1,503.80 "
50127086838,PO18175258,2/17/2026,"$108,553.60 "
50127087425,PO18187098,2/18/2026,$873.82 
50127087426,PO18187922,2/18/2026,"$2,377.95 "
50127087427,PO18187923,2/18/2026,"$2,777.49 "
50127088651,PO18376421,2/17/2026,$254.43 
50127088738,PO18153446,2/17/2026,"$101,912.00 "
50127089578,PO18228302,2/18/2026,"$3,392.30 "
50127090813,PO18386541,2/17/2026,$382.47 
50127090968,PO18035096,2/18/2026,"$27,749.26 "
50127090972,PO18285566,2/18/2026,"$1,690.00 "
50127091058,PO18146873,2/18/2026,"$2,527.80 "
50127091342,PO18193514,2/18/2026,$555.59 
50127093155,PO18322643,2/18/2026,"$27,850.93 "
50127093157,PO18322692,2/18/2026,"$39,948.47 "
50127093796,PO18326210,2/18/2026,$93.50 
50127094253,PO18183767,2/19/2026,$274.32 
50127094258,PO18188036,2/19/2026,$145.16 
50127094261,PO18188037,2/19/2026,$182.88 
50127094265,PO18188038,2/19/2026,$541.90 
50127094272,PO18200192,2/19/2026,"$71,368.30 "
50127094770,PO18179748,2/20/2026,$605.90 
50127095075,PO17899701,2/21/2026,"$39,524.74 "
50127095148,PO18315129,2/21/2026,$559.18 
50127095277,PO18389017,2/24/2026,"$4,155.38 "
50127095338,PO17961146,2/18/2026,"$4,980.00 "
50127095769,PO18157375,2/19/2026,"$152,864.00 "
50127097549,PO18222780,2/20/2026,"$5,030.20 "
50127097612,PO18193787,2/20/2026,$160.02 
50127097707,PO18093634,2/20/2026,"$1,975.11 "
50127097710,PO18163720,2/20/2026,$725.81 
50127097713,PO18183765,2/20/2026,$290.32 
50127097717,PO18183776,2/20/2026,$158.53 
50127097719,PO18185326,2/20/2026,$176.14 
50127097721,PO18188946,2/20/2026,$218.60 
50127097723,PO18182674,2/20/2026,$91.44 
50127098190,PO18208634,2/19/2026,"$315,994.50 "
50127098191,PO18249432,2/19/2026,"$6,498.15 "
50127098353,PO18146872,2/19/2026,"$7,583.40 "
50127099282,PO18262066,2/19/2026,$193.12 
50127099415,PO18189015,2/20/2026,$318.44 
50127099418,PO17959106,2/20/2026,"$22,986.00 "
50127100993,PO18281550,2/20/2026,$210.00 
50127101022,PO18183755,2/20/2026,"$2,377.95 "
50127101041,PO18202085,2/20/2026,"$143,367.48 "
50127101324,PO18350733,2/20/2026,$124.80 
50127101937,PO18187186,2/20/2026,$787.56 
50127101942,PO18188945,2/20/2026,"$10,859.28 "
50127101958,PO18156369,2/20/2026,$516.44 
50127101991,PO18316648,2/20/2026,$29.00 
50127102118,PO18166303,2/20/2026,$582.10 
50127105376,PO18183775,2/20/2026,"$14,868.84 "
50127105378,PO18284562,2/20/2026,$65.72 
50127105380,PO18187266,2/20/2026,"$2,625.20 "
50127105382,PO18319030,2/20/2026,$898.40 
50127105385,PO18170312,2/20/2026,$18.00 
50127106355,PO18224787,2/21/2026,"$10,533.89 "
50127107036,PO18266658,2/23/2026,"$26,251.28 "
50127108524,PO18145952,2/23/2026,"$15,039.57 "
50127108670,PO18157432,2/23/2026,"$67,848.00 "
50127111682,PO17943291,2/25/2026,$990.34 
50127112692,PO18220389,2/24/2026,$559.31 
50127115220,PO18392627,2/25/2026,"$33,990.00 "
50127116500,PO18385837,2/25/2026,"$1,572.84 "
50127117773,PO18163687,2/25/2026,"$2,475.85 "
50127117783,PO18165318,2/25/2026,"$67,848.00 "
50127128032,PO17892539,3/2/2026,$22.22 
50127130510,PO18155330,3/3/2026,"$67,848.00 "
50127131131,PO18402453,3/3/2026,"$4,018.00 "
50127133322,PO18310275,3/3/2026,"$1,572.84 "
50127136504,PO18392147,3/4/2026,"$6,941.55 "
50127141000,PO18410300,3/5/2026,$701.10 
50127149332,PO18418235,3/9/2026,"$2,921.25 "
50127150944,PO18157300,3/9/2026,"$271,752.00 "
50127274770,PO18260393,5/4/2026,"$17,100.00 "
50127298516,PO18430921,5/4/2026,$13.84 
50127298517,PO18496297,5/4/2026,$477.00 
50127305193,PO18392873,4/30/2026,"$2,143.54 "
50127311009,PO18393096,5/1/2026,"$3,139.93 "
50127312146,PO18482064,4/30/2026,"$8,608.60 "
50127313151,PO18456397,4/30/2026,"$5,354.15 "
50127313837,PO18376389,4/30/2026,"$4,071.16 "
50127314120,PO18157430,5/2/2026,"$67,848.00 "
50127314196,PO18527097,5/2/2026,"$4,000.00 "
50127314350,PO18466709,4/30/2026,"$2,535.00 "
50127315365,PO18518109,4/30/2026,$567.00 
50127315605,PO18513953,4/30/2026,"$48,857.52 "
50127315768,PO18460140,4/30/2026,"$1,414.19 "
50127315839,PO18455129,4/30/2026,$11.00 
50127317086,PO18515284,5/1/2026,$930.00 
50127318836,PO18435618,5/1/2026,$549.00 
50127320884,PO18157431,5/4/2026,"$67,848.00 "
50127320947,PO18457726,5/4/2026,$251.25 
50127320949,PO18528905,5/4/2026,$954.00 
50127321505,PO18500016,5/4/2026,"$2,482.59 "
50127321508,PO18501110,5/4/2026,"$1,177.84 "
