PO No.,Sales Order,Delivery Number
PO13897540,SO13897540,DN801900303
PO17042852,SO17042852,DN801186395
PO17117550,SO17117550,DN801289134
PO17240797,SO17240797,DN801356517
PO17111548,SO17111548,DN801397203
PO16685661,SO16685661,DN801419492
PO17264159,SO17264159,DN801431414
PO17264064,SO17264064,DN801449222
PO17261839,SO17261839,DN801488601
PO17163590,SO17163590,DN801505800
PO17295810,SO17295810,DN801559387
PO17323491,SO17323491,DN801598749
PO17262631,SO17262631,DN801661799
PO17260574,SO17260574,DN801761243
PO17090333,SO17090333,DN801820761
PO16760739,SO16760739,DN801825491
PO17043110,SO17043110,DN801825492
PO17315708,SO17315708,DN801828672
PO17315712,SO17315712,DN801828673
PO17223293,SO17223293,DN801829534
PO17350498,SO17350498,DN801832154
PO17091335,SO17091335,DN801833073
PO16856085,SO16856085,DN801834152
PO16874200,SO16874200,DN801842170
PO17003007,SO17003007,DN801842173
PO17094206,SO17094206,DN801846731
PO16976901,SO16976901,DN801846737
PO16914201,SO16914201,DN801846908
PO17306920,SO17306920,DN801846910
PO17152092,SO17152092,DN801849166
PO17172093,SO17172093,DN801849167
PO17319584,SO17319584,DN801858623
PO17384940,SO17384940,DN801861783
PO17130251,SO17130251,DN801862481
PO17317099,SO17317099,DN801864516
PO16519757,SO16519757,DN801866005
PO17154229,SO17154229,DN801866960
PO17354642,SO17354642,DN801866962
PO17257286,SO17257286,DN801868704
PO17334188,SO17334188,DN801869749
PO17336570,SO17336570,DN801869750
PO17357774,SO17357774,DN801869779
PO17295967,SO17295967,DN801869982
PO17037513,SO17037513,DN801870749
PO17150354,SO17150354,DN801870885
PO16758697,SO16758697,DN801871792
PO17290177,SO17290177,DN801872790
PO17320517,SO17320517,DN801877039
PO17312053,SO17312053,DN801877041
PO17364890,SO17364890,DN801878492
PO17394279,SO17394279,DN801880591
PO16935917,SO16935917,DN801881090
PO16992663,SO16992663,DN801882946
PO17254075,SO17254075,DN801882973
PO17352315,SO17352315,DN801884348
PO17237261,SO17237261,DN801889315
PO17418075,SO17418075,DN801889840
PO17411599,SO17411599,DN801890353
PO17264082,SO17264082,DN801890361
PO17277622,SO17277622,DN801891581
PO17357053,SO17357053,DN801892660
PO17354433,SO17354433,DN801894333
PO17391351,SO17391351,DN801894841
PO17414582,SO17414582,DN801895713
PO17413608,SO17413608,DN801899222
PO17262777,SO17262777,DN801899252
PO17390296,SO17390296,DN801903679
PO17415223,SO17415223,DN801906983
PO17414783,SO17414783,DN801913811
PO17418336,SO17418336,DN801913815
PO17231180,SO17231180,DN801915170
PO17235657,SO17235657,DN801916266
PO17285717,SO17285717,DN801916271
PO17330506,SO17330506,DN801920733
PO17178088,SO17178088,DN801926227
PO17414635,SO17414635,DN801930567
PO17356830,SO17356830,DN801930573
PO17424659,SO17424659,DN801930578
PO17412040,SO17412040,DN801930581
PO16913937,SO16913937,DN801932268
PO17366856,SO17366856,DN801932521
PO17410616,SO17410616,DN801935064
PO17280632,SO17280632,DN801935161
PO17310663,SO17310663,DN801935165
PO17400670,SO17400670,DN801935168
PO17289901,SO17289901,DN801937711
PO17284084,SO17284084,DN801939008
PO17416664,SO17416664,DN801947570
PO17332201,SO17332201,DN801949145
PO16957767,SO16957767,DN801951821
PO17360452,SO17360452,DN801957924
PO17025326,SO17025326,DN801958025
PO17420195,SO17420195,DN801960460
PO17131087,SO17131087,DN801960465
PO17252065,SO17252065,DN801960468
PO17445666,SO17445666,DN801960473
PO17367290,SO17367290,DN801968965
PO17443748,SO17443748,DN801970519
PO16818859,SO16818859,DN801974888
PO17387987,SO17387987,DN801976553
PO16441568,SO16441568,DN801980914
PO17261980,SO17261980,DN801983917
PO17332328,SO17332328,DN801984641
PO17337292,SO17337292,DN801984644
PO17251954,SO17251954,DN801984659
PO17302175,SO17302175,DN801986602
PO16715764,SO16715764,DN801990281
PO17412695,SO17412695,DN801991316
PO17061326,SO17061326,DN801995858
PO17163032,SO17163032,DN801999155
PO17449999,SO17449999,DN002425194
PO17031395,SO17031395,DN801005714
PO17351310,SO17351310,DN801007670
PO17314837,SO17314837,DN801009372
PO17382108,SO17382108,DN801009554
PO17239141,SO17239141,DN801015451
PO16711669,SO16711669,DN801023429
PO17468297,SO17468297,DN801025125
PO17310469,SO17310469,DN801025923
PO17443467,SO17443467,DN801026985
PO17168958,SO17168958,DN801038394
PO17442974,SO17442974,DN801040895
PO17460774,SO17460774,DN801040943
PO17456576,SO17456576,DN801043683
PO16557404,SO16557404,DN801044488
PO16930038,SO16930038,DN801045246
PO16956599,SO16956599,DN801055765
PO17461631,SO17461631,DN801055767
PO17176600,SO17176600,DN801055881
PO17286746,SO17286746,DN801057321
PO17358462,SO17358462,DN801060856
PO17445065,SO17445065,DN801063800
PO17362789,SO17362789,DN801064762
PO17386702,SO17386702,DN801071797
PO17131329,SO17131329,DN801071923
PO17441749,SO17441749,DN801077428
PO17460646,SO17460646,DN801078084
PO17331317,SO17331317,DN801078828
PO17201333,SO17201333,DN801083518
PO17440895,SO17440895,DN801087582
PO17427746,SO17427746,DN801088448
PO17357592,SO17357592,DN801089972
PO17314111,SO17314111,DN801094046
PO17297766,SO17297766,DN801094050
PO17298918,SO17298918,DN801094053
PO17389838,SO17389838,DN801094055
PO17171395,SO17171395,DN801099661
PO17331816,SO17331816,DN801099663
PO17341795,SO17341795,DN801103963
PO17384176,SO17384176,DN801104025
PO17387360,SO17387360,DN801104027
PO17483098,SO17483098,DN801105633
PO17226143,SO17226143,DN801106410
PO16929152,SO16929152,DN801106542
PO16939153,SO16939153,DN801106543
PO17200956,SO17200956,DN801106707
PO17183978,SO17183978,DN801109427
PO16936762,SO16936762,DN801110610
PO17362051,SO17362051,DN801111376
PO17469632,SO17469632,DN801112689
PO17487788,SO17487788,DN801117073
PO17354660,SO17354660,DN801119225
PO17221466,SO17221466,DN801120665
PO17392146,SO17392146,DN801123479
PO17300265,SO17300265,DN801124023
PO17423958,SO17423958,DN801124069
PO17477121,SO17477121,DN801126048
PO17430304,SO17430304,DN801126817
PO17444814,SO17444814,DN801128471
PO17394717,SO17394717,DN801128707
PO17434775,SO17434775,DN801130423
PO17485111,SO17485111,DN801132861
PO17486782,SO17486782,DN801138783
PO17308367,SO17308367,DN801139380
PO17443774,SO17443774,DN801140309
PO17410993,SO17410993,DN801150709
PO17259678,SO17259678,DN801151122
PO17268167,SO17268167,DN801151123
PO17259083,SO17259083,DN801151124
PO17355621,SO17355621,DN801153528
PO17430940,SO17430940,DN801153894
PO17415624,SO17415624,DN801153898
PO16927112,SO16927112,DN801153901
PO17329113,SO17329113,DN801154348
PO17353117,SO17353117,DN801154440
PO17458707,SO17458707,DN801162159
PO17487946,SO17487946,DN801163733
PO17517142,SO17517142,DN801165132
PO17517143,SO17517143,DN801165134
PO17374059,SO17374059,DN801165803
PO17517139,SO17517139,DN801165846
PO17517141,SO17517141,DN801165848
PO17277160,SO17277160,DN801166276
PO17297975,SO17297975,DN801166283
PO17517140,SO17517140,DN801166529
PO17485356,SO17485356,DN801169539
PO17508887,SO17508887,DN169933121
PO17311990,SO17311990,DN801171181
PO17457862,SO17457862,DN801173740
PO17495074,SO17495074,DN801174494
PO17237078,SO17237078,DN801175835
PO17296120,SO17296120,DN801177195
PO17298945,SO17298945,DN801177197
PO17410527,SO17410527,DN801180263
PO17464126,SO17464126,DN801180502
PO17519513,SO17519513,DN801183829
PO17291715,SO17291715,DN801184600
PO17296121,SO17296121,DN801185101
PO17368834,SO17368834,DN801185103
PO17482991,SO17482991,DN801188339
PO17475005,SO17475005,DN801193959
PO17268833,SO17268833,DN801198525
PO17435224,SO17435224,DN801200681
PO17431241,SO17431241,DN801200687
PO17421318,SO17421318,DN801208479
PO17522305,SO17522305,DN801208488
PO17514464,SO17514464,DN801211127
PO17487013,SO17487013,DN801211138
PO17330822,SO17330822,DN801211722
PO17360824,SO17360824,DN801211724
PO17304020,SO17304020,DN801211740
PO17394022,SO17394022,DN801211745
PO16634163,SO16634163,DN801213313
PO17258318,SO17258318,DN801213755
PO17413207,SO17413207,DN801224149
PO17234868,SO17234868,DN801226891
PO17271345,SO17271345,DN801227599
PO17201506,SO17201506,DN801227640
PO17365528,SO17365528,DN801227641
PO17365978,SO17365978,DN801241526
PO17516628,SO17516628,DN801241933
PO17317110,SO17317110,DN801242023
PO17467627,SO17467627,DN801243434
PO17403898,SO17403898,DN801246882
PO17407622,SO17407622,DN801246893
PO17200372,SO17200372,DN801248163
PO16997107,SO16997107,DN801250292
PO17260711,SO17260711,DN801255873
PO17445984,SO17445984,DN801255903
PO17111692,SO17111692,DN801271423
PO17261793,SO17261793,DN801271426
PO17141708,SO17141708,DN801271916
PO17454051,SO17454051,DN801275117
PO17520690,SO17520690,DN801285471
PO17327164,SO17327164,DN801285490
PO17554747,SO17554747,DN290194000
PO17413205,SO17413205,DN801293520
PO17479737,SO17479737,DN801293522
PO17349181,SO17349181,DN801294287
PO17456110,SO17456110,DN801297042
PO17438937,SO17438937,DN801299030
PO17432661,SO17432661,DN801299035
PO17398232,SO17398232,DN801306129
PO17431219,SO17431219,DN801307554
PO17431947,SO17431947,DN801307563
PO17521451,SO17521451,DN801308957
PO17446550,SO17446550,DN801309022
PO17337000,SO17337000,DN801309148
PO17531043,SO17531043,DN801309726
PO17522408,SO17522408,DN801311421
PO17415813,SO17415813,DN801311557
PO17434031,SO17434031,DN801312137
PO17563360,SO17563360,DN801312645
PO16994159,SO16994159,DN801315940
PO17512614,SO17512614,DN801317170
PO17356254,SO17356254,DN801318467
PO17516991,SO17516991,DN801321598
PO17417882,SO17417882,DN801324685
PO17516673,SO17516673,DN801324686
PO17280077,SO17280077,DN801325828
PO17515338,SO17515338,DN801326738
PO17518017,SO17518017,DN801330192
PO16850330,SO16850330,DN801337347
PO17428295,SO17428295,DN801337828
PO17331819,SO17331819,DN801346921
PO17292061,SO17292061,DN801347601
PO17422167,SO17422167,DN801347602
PO17378516,SO17378516,DN801347605
PO17355198,SO17355198,DN801347709
PO17579862,SO17579862,DN801349550
PO17355200,SO17355200,DN801350005
PO17577997,SO17577997,DN351059001
PO17260722,SO17260722,DN801351475
PO17261298,SO17261298,DN801353275
PO17032165,SO17032165,DN801354802
PO17522984,SO17522984,DN801355717
PO17436081,SO17436081,DN801356391
PO17351163,SO17351163,DN801356462
PO17355305,SO17355305,DN801356466
PO17547976,SO17547976,DN801358933
PO17511594,SO17511594,DN801360526
PO17389138,SO17389138,DN801361567
PO17521828,SO17521828,DN801362224
PO17337737,SO17337737,DN801363709
PO17585794,SO17585794,DN801363713
PO17523862,SO17523862,DN801363732
PO17454908,SO17454908,DN801364510
PO17446376,SO17446376,DN801366159
PO17589636,SO17589636,DN370723747
PO17276528,SO17276528,DN801372408
PO17432384,SO17432384,DN801375115
PO17572398,SO17572398,DN801375117
PO17510422,SO17510422,DN801375677
PO17491658,SO17491658,DN801377828
PO17437273,SO17437273,DN801378308
PO17481214,SO17481214,DN801378309
PO17412147,SO17412147,DN801379560
PO17442396,SO17442396,DN801379563
PO17333826,SO17333826,DN801379631
PO17432069,SO17432069,DN801380405
PO17361937,SO17361937,DN801381863
PO17375814,SO17375814,DN801381864
PO17576228,SO17576228,DN801385495
PO17591112,SO17591112,DN388773111
PO17364922,SO17364922,DN801389512
PO17556224,SO17556224,DN801390450
PO17576229,SO17576229,DN801390452
PO17468108,SO17468108,DN801392037
PO17450180,SO17450180,DN801395155
PO17512767,SO17512767,DN801395685
PO17402785,SO17402785,DN801395687
PO17431585,SO17431585,DN801398895
PO17419256,SO17419256,DN801398896
PO17469980,SO17469980,DN801399149
PO17456695,SO17456695,DN801400006
PO17584234,SO17584234,DN801401246
PO17452645,SO17452645,DN801402228
PO17357089,SO17357089,DN801403700
PO17591212,SO17591212,DN407400123
PO17383833,SO17383833,DN801407987
PO17514743,SO17514743,DN801411292
PO17415727,SO17415727,DN801411299
PO17526898,SO17526898,DN801412823
PO17508691,SO17508691,DN801417862
PO17498719,SO17498719,DN801417865
PO17448826,SO17448826,DN801417868
PO17571947,SO17571947,DN801418564
PO17503057,SO17503057,DN801419365
PO17453489,SO17453489,DN801419369
PO17341558,SO17341558,DN801420288
PO17619969,SO17619969,DN428854234
PO17514727,SO17514727,DN801429766
PO17358619,SO17358619,DN801430623
PO17614460,SO17614460,DN801430663
PO17494677,SO17494677,DN801431571
PO17597129,SO17597129,DN801431639
PO17372878,SO17372878,DN801433245
PO17561297,SO17561297,DN801435316
PO17456341,SO17456341,DN801437884
PO17518845,SO17518845,DN801438213
PO17591675,SO17591675,DN801443070
PO17456533,SO17456533,DN801444473
PO17386357,SO17386357,DN801446565
PO17526613,SO17526613,DN801447821
PO17527851,SO17527851,DN801447825
PO17488016,SO17488016,DN801447927
PO17378408,SO17378408,DN801447929
PO17595656,SO17595656,DN801451230
PO17456984,SO17456984,DN801453696
PO17619233,SO17619233,DN801453828
PO16970188,SO16970188,DN801454617
PO17516858,SO17516858,DN801455688
PO17486853,SO17486853,DN801457831
PO17458949,SO17458949,DN801460319
PO17536579,SO17536579,DN801460333
PO17491099,SO17491099,DN801460971
PO17589246,SO17589246,DN801461092
PO17442710,SO17442710,DN801461237
PO17331187,SO17331187,DN801462654
PO17529379,SO17529379,DN801462825
PO17626925,SO17626925,DN801462912
PO17565866,SO17565866,DN801465679
PO17491331,SO17491331,DN801466091
PO17532375,SO17532375,DN801468495
PO17491992,SO17491992,DN801468832
PO16953504,SO16953504,DN801471636
PO17013505,SO17013505,DN801471639
PO17492347,SO17492347,DN801472600
PO17506566,SO17506566,DN801472970
PO17629934,SO17629934,DN473313345
PO17610840,SO17610840,DN801473683
PO17576492,SO17576492,DN801474244
PO17359893,SO17359893,DN801474744
PO17629788,SO17629788,DN801477050
PO17620000,SO17620000,DN482199344
PO17526721,SO17526721,DN801484428
PO17626646,SO17626646,DN801484748
PO17629780,SO17629780,DN486048654
PO17543301,SO17543301,DN801487161
PO17596784,SO17596784,DN801488479
PO17595062,SO17595062,DN801488874
PO17623994,SO17623994,DN801491621
PO17620965,SO17620965,DN801492822
PO17303767,SO17303767,DN801495501
PO17521474,SO17521474,DN801497753
PO17457972,SO17457972,DN801497938
PO17545756,SO17545756,DN801498533
PO17337320,SO17337320,DN801498635
PO17449656,SO17449656,DN801501974
PO17389906,SO17389906,DN801502828
PO17603338,SO17603338,DN801503424
PO17536459,SO17536459,DN801504569
PO17546862,SO17546862,DN801505369
PO17150654,SO17150654,DN801508824
PO17637222,SO17637222,DN801509994
PO17475641,SO17475641,DN801517113
PO17517160,SO17517160,DN801517115
PO17028737,SO17028737,DN801517117
PO17029533,SO17029533,DN801517120
PO17029585,SO17029585,DN801517123
PO17030671,SO17030671,DN801517126
PO17413370,SO17413370,DN801519817
PO17561307,SO17561307,DN801523491
PO17611317,SO17611317,DN801523493
PO17429251,SO17429251,DN801524973
PO17039586,SO17039586,DN801524977
PO17424444,SO17424444,DN801527347
PO17574781,SO17574781,DN801527443
PO17637374,SO17637374,DN801531649
PO17620891,SO17620891,DN801534610
PO17033016,SO17033016,DN801537556
PO17615784,SO17615784,DN801537602
PO17651474,SO17651474,DN538254847
PO17576269,SO17576269,DN801540455
PO17559871,SO17559871,DN801550589
PO17459025,SO17459025,DN801551111
PO17475121,SO17475121,DN801551587
PO17254978,SO17254978,DN801553039
PO17591930,SO17591930,DN801554778
PO17565274,SO17565274,DN801555844
PO17491153,SO17491153,DN801555847
PO17291428,SO17291428,DN801555848
PO17451555,SO17451555,DN801557626
PO17437651,SO17437651,DN801559889
PO17542360,SO17542360,DN801563027
PO17652585,SO17652585,DN563548584
PO16577507,SO16577507,DN801563590
PO17548373,SO17548373,DN801565066
PO17541871,SO17541871,DN801565069
PO17647357,SO17647357,DN801565764
PO17573012,SO17573012,DN801566429
PO17617782,SO17617782,DN801567305
PO17446937,SO17446937,DN801573379
PO17020671,SO17020671,DN801573385
PO17030672,SO17030672,DN801573387
PO17522796,SO17522796,DN801574062
PO17396103,SO17396103,DN801577262
PO17426104,SO17426104,DN801577264
PO17548164,SO17548164,DN801577393
PO17679638,SO17679638,DN578452847
PO17387649,SO17387649,DN801578511
PO17643859,SO17643859,DN801578544
PO17571264,SO17571264,DN801581748
PO17651083,SO17651083,DN801582591
PO17637953,SO17637953,DN801587314
PO17610703,SO17610703,DN801589147
PO17337647,SO17337647,DN801590460
PO17438263,SO17438263,DN801590462
PO17338760,SO17338760,DN801590463
PO17388762,SO17388762,DN801590464
PO17366859,SO17366859,DN801590484
PO17415186,SO17415186,DN801595307
PO17178864,SO17178864,DN801595663
PO16689681,SO16689681,DN801597154
PO17660180,SO17660180,DN801597158
PO17677232,SO17677232,DN801601967
PO17671238,SO17671238,DN603090970
PO17587358,SO17587358,DN801606923
PO17572751,SO17572751,DN801607244
PO17463487,SO17463487,DN801611229
PO17596906,SO17596906,DN801611352
PO17541148,SO17541148,DN801612333
PO17541149,SO17541149,DN801612335
PO17571002,SO17571002,DN801613338
PO16635929,SO16635929,DN801616814
PO17367082,SO17367082,DN801617225
PO17633037,SO17633037,DN801620825
PO17570089,SO17570089,DN801621369
PO17600618,SO17600618,DN801622758
PO17618345,SO17618345,DN801623431
PO17587090,SO17587090,DN801623508
PO17548306,SO17548306,DN801623547
PO17362401,SO17362401,DN801625481
PO17512381,SO17512381,DN801627053
PO17541742,SO17541742,DN801627944
PO17485782,SO17485782,DN801629753
PO17685057,SO17685057,DN801630237
PO17507854,SO17507854,DN801630992
PO17620949,SO17620949,DN801631655
PO17647793,SO17647793,DN801634166
PO17517794,SO17517794,DN801634170
PO17520208,SO17520208,DN801636700
PO17522509,SO17522509,DN801637248
PO17459486,SO17459486,DN801639279
PO17539902,SO17539902,DN801639578
PO17593884,SO17593884,DN801640171
PO17453758,SO17453758,DN801643426
PO17575514,SO17575514,DN801643705
PO17635663,SO17635663,DN801643849
PO17506316,SO17506316,DN801644359
PO17505104,SO17505104,DN801644361
PO16912904,SO16912904,DN801645082
PO17595532,SO17595532,DN801645212
PO17426135,SO17426135,DN801647150
PO17690328,SO17690328,DN648351787
PO17559788,SO17559788,DN649496999
PO17521560,SO17521560,DN801652412
PO17700606,SO17700606,DN801652423
PO17272044,SO17272044,DN801652425
PO17642002,SO17642002,DN801652428
PO17522852,SO17522852,DN801652845
PO17522355,SO17522355,DN801653637
PO17712041,SO17712041,DN801654033
PO17380515,SO17380515,DN801654576
PO17540696,SO17540696,DN801655956
PO16377837,SO16377837,DN801655957
PO17411421,SO17411421,DN801657661
PO17549996,SO17549996,DN801658041
PO17449713,SO17449713,DN801658404
PO17296047,SO17296047,DN801659893
PO17236037,SO17236037,DN801660974
PO17594010,SO17594010,DN801660975
PO17494302,SO17494302,DN801661699
PO17180280,SO17180280,DN801665573
PO17338549,SO17338549,DN801665636
PO16637333,SO16637333,DN801667668
PO17514038,SO17514038,DN801667758
PO17450354,SO17450354,DN801670027
PO17699678,SO17699678,DN674843832
PO17613440,SO17613440,DN801675038
PO17303079,SO17303079,DN801675336
PO17619700,SO17619700,DN801676813
PO17546320,SO17546320,DN801678574
PO17414123,SO17414123,DN801679676
PO17663178,SO17663178,DN801681251
PO17563526,SO17563526,DN801681253
PO17694715,SO17694715,DN801683155
PO17614232,SO17614232,DN801683532
PO17537941,SO17537941,DN801683535
PO17574373,SO17574373,DN801685744
PO17716762,SO17716762,DN801686742
PO17573064,SO17573064,DN801688475
PO17503478,SO17503478,DN801688508
PO17499261,SO17499261,DN801688948
PO17185989,SO17185989,DN801688950
PO17511433,SO17511433,DN801689013
PO17524075,SO17524075,DN801690729
PO17613353,SO17613353,DN801690902
PO17523865,SO17523865,DN801694360
PO17593461,SO17593461,DN801695264
PO17514177,SO17514177,DN801695266
PO17525522,SO17525522,DN801695270
PO17615719,SO17615719,DN801695339
PO17584185,SO17584185,DN801697113
PO17363345,SO17363345,DN801697432
PO16817760,SO16817760,DN801698395
PO17425942,SO17425942,DN801703136
PO17496060,SO17496060,DN801703883
PO17506061,SO17506061,DN801703886
PO17723797,SO17723797,DN801706463
PO17637759,SO17637759,DN801708016
PO17637760,SO17637760,DN801708022
PO17494546,SO17494546,DN801708966
PO16815362,SO16815362,DN801709616
PO17710378,SO17710378,DN710904002
PO17515292,SO17515292,DN801711530
PO17652287,SO17652287,DN801713098
PO16865636,SO16865636,DN801713100
PO17515695,SO17515695,DN801713142
PO17544098,SO17544098,DN801717066
PO17668989,SO17668989,DN801717491
PO16738990,SO16738990,DN801717494
PO16738991,SO16738991,DN801717496
PO17515013,SO17515013,DN801718156
PO17562284,SO17562284,DN801718467
PO17619645,SO17619645,DN801718482
PO17562282,SO17562282,DN801721487
PO17562283,SO17562283,DN801721491
PO17088907,SO17088907,DN801721494
PO17559282,SO17559282,DN801723520
PO17671182,SO17671182,DN801723523
PO17547381,SO17547381,DN801723581
PO17630921,SO17630921,DN801725061
PO17131285,SO17131285,DN801726656
PO17411286,SO17411286,DN801726658
PO17677040,SO17677040,DN801726692
PO17716856,SO17716856,DN801727072
PO17614192,SO17614192,DN801727564
PO17453982,SO17453982,DN801727590
PO17729648,SO17729648,DN801727691
PO17720761,SO17720761,DN801729229
PO17650926,SO17650926,DN801729247
PO17615148,SO17615148,DN801729465
PO17486714,SO17486714,DN801729469
PO17494010,SO17494010,DN801729478
PO17665751,SO17665751,DN801729480
PO17549436,SO17549436,DN801731981
PO17545600,SO17545600,DN801733064
PO17700533,SO17700533,DN801733069
PO17724870,SO17724870,DN801734215
PO17543343,SO17543343,DN801734362
PO17616624,SO17616624,DN801734776
PO17718820,SO17718820,DN801736304
PO16635823,SO16635823,DN801736319
PO17542723,SO17542723,DN801736783
PO17591946,SO17591946,DN801737540
PO17724280,SO17724280,DN801739764
PO17729940,SO17729940,DN801739765
PO17339423,SO17339423,DN801740791
PO17616489,SO17616489,DN801740793
PO17334161,SO17334161,DN801740795
PO17734281,SO17734281,DN801741080
PO17616319,SO17616319,DN801744118
PO17666246,SO17666246,DN801744544
PO17487560,SO17487560,DN801745311
PO17669067,SO17669067,DN801745312
PO17729787,SO17729787,DN746714717
PO17512953,SO17512953,DN801747323
PO17512955,SO17512955,DN801747325
PO17522956,SO17522956,DN801747326
PO17522957,SO17522957,DN801747327
PO17337953,SO17337953,DN801748182
PO17706477,SO17706477,DN801750458
PO17720343,SO17720343,DN801753349
PO17613900,SO17613900,DN801756160
PO17612185,SO17612185,DN801756881
PO17488065,SO17488065,DN801757604
PO17694209,SO17694209,DN801759622
PO17746795,SO17746795,DN801762229
PO17723923,SO17723923,DN801764057
PO17698323,SO17698323,DN801766472
PO17697400,SO17697400,DN801766632
PO17699570,SO17699570,DN801769330
PO17647270,SO17647270,DN801769353
PO17678352,SO17678352,DN801770029
PO17617064,SO17617064,DN801770252
PO17639497,SO17639497,DN801770649
PO17636989,SO17636989,DN801772612
PO17709648,SO17709648,DN801773089
PO17668953,SO17668953,DN801776556
PO17652093,SO17652093,DN801776636
PO17750352,SO17750352,DN780468828
PO17750787,SO17750787,DN781129939
PO17422325,SO17422325,DN801783001
PO17636881,SO17636881,DN801783002
PO17420545,SO17420545,DN801784553
PO17748201,SO17748201,DN801790213
PO17700293,SO17700293,DN801790270
PO17725203,SO17725203,DN801790279
PO17377722,SO17377722,DN801790617
PO17747297,SO17747297,DN801791445
PO17431724,SO17431724,DN801792502
PO17733997,SO17733997,DN801795497
PO17440079,SO17440079,DN801796117
PO17450080,SO17450080,DN801796118
PO17560324,SO17560324,DN801796967
PO17738227,SO17738227,DN801797032
PO17429954,SO17429954,DN801797034
PO17634191,SO17634191,DN801797040
PO17451092,SO17451092,DN801797050
PO17735824,SO17735824,DN801798914
PO17332164,SO17332164,DN801799700
PO17333276,SO17333276,DN801799704
PO16674043,SO16674043,DN801799710
PO17572391,SO17572391,DN801800323
PO17589097,SO17589097,DN801800327
PO17709108,SO17709108,DN801800329
PO17560598,SO17560598,DN801800742
PO17569837,SO17569837,DN801801394
PO17706032,SO17706032,DN801802091
PO17696359,SO17696359,DN801802125
PO17756537,SO17756537,DN801802697
PO17707112,SO17707112,DN801802807
PO17418014,SO17418014,DN801803049
PO17708043,SO17708043,DN801804866
PO17617568,SO17617568,DN801804982
PO17736901,SO17736901,DN801805619
PO17622374,SO17622374,DN801808631
PO17732530,SO17732530,DN801810045
PO17411228,SO17411228,DN801812192
PO17563509,SO17563509,DN801814328
PO17604163,SO17604163,DN801814331
PO17546609,SO17546609,DN801814333
PO17628088,SO17628088,DN801816867
PO17722060,SO17722060,DN801816970
PO17698533,SO17698533,DN801818456
PO17735801,SO17735801,DN801819224
PO17769878,SO17769878,DN819599003
PO17590673,SO17590673,DN801822224
PO17639883,SO17639883,DN801822768
PO17496703,SO17496703,DN801825529
PO17759757,SO17759757,DN801826305
PO17524610,SO17524610,DN801826434
PO17731566,SO17731566,DN801827127
PO17457780,SO17457780,DN801828201
PO17138989,SO17138989,DN801828205
PO17168990,SO17168990,DN801828206
PO17448996,SO17448996,DN801828208
PO17489215,SO17489215,DN801829059
PO17731572,SO17731572,DN801830310
PO17764584,SO17764584,DN801830490
PO17654544,SO17654544,DN801833669
PO17665297,SO17665297,DN801833769
PO17701337,SO17701337,DN801833772
PO17452773,SO17452773,DN801835572
PO17457666,SO17457666,DN801835574
PO17520079,SO17520079,DN801837256
PO17730100,SO17730100,DN801839728
PO17707235,SO17707235,DN801839964
PO17728085,SO17728085,DN801840649
PO17433502,SO17433502,DN801841292
PO17681526,SO17681526,DN801842091
PO17675821,SO17675821,DN801842401
PO17706402,SO17706402,DN801843653
PO17582230,SO17582230,DN801843787
PO17613633,SO17613633,DN801844341
PO17782226,SO17782226,DN801844411
PO17303471,SO17303471,DN801844416
PO17746600,SO17746600,DN801846464
PO17613850,SO17613850,DN801846831
PO17684434,SO17684434,DN801849639
PO17586590,SO17586590,DN801851773
PO17639733,SO17639733,DN801852456
PO17649735,SO17649735,DN801852457
PO17752329,SO17752329,DN801855135
PO17610970,SO17610970,DN801859655
PO17758522,SO17758522,DN801859829
PO17606612,SO17606612,DN801864149
PO17735918,SO17735918,DN801867031
PO17743725,SO17743725,DN801867624
PO16561795,SO16561795,DN801869622
PO16691800,SO16691800,DN801869625
PO17037818,SO17037818,DN801869628
PO16561796,SO16561796,DN801870787
PO17589552,SO17589552,DN801871427
PO17707190,SO17707190,DN801873900
PO17762733,SO17762733,DN801874023
PO16166484,SO16166484,DN801874125
PO16915624,SO16915624,DN801874882
PO17668343,SO17668343,DN801874948
PO17527458,SO17527458,DN801874949
PO16977811,SO16977811,DN801875436
PO17770368,SO17770368,DN801875469
PO17560552,SO17560552,DN801878904
PO17542873,SO17542873,DN801879785
PO17562875,SO17562875,DN801879786
PO16671799,SO16671799,DN801879877
PO17443508,SO17443508,DN801879880
PO16977810,SO16977810,DN801880294
PO17798383,SO17798383,DN801881002
PO17572861,SO17572861,DN801883745
PO17756656,SO17756656,DN801884030
PO17793014,SO17793014,DN801884588
PO17515335,SO17515335,DN801884589
PO16076483,SO16076483,DN801885996
PO16076931,SO16076931,DN801885999
PO17791570,SO17791570,DN801890188
PO17518966,SO17518966,DN801890817
PO17601378,SO17601378,DN801891369
PO17626576,SO17626576,DN801892143
PO17458930,SO17458930,DN801892387
PO17632128,SO17632128,DN801896994
PO17722287,SO17722287,DN801896998
PO17682209,SO17682209,DN801898557
PO17700148,SO17700148,DN801898777
PO17797801,SO17797801,DN801899864
PO17798143,SO17798143,DN801899868
PO17700589,SO17700589,DN801902543
PO17721834,SO17721834,DN801903447
PO17467482,SO17467482,DN801904451
PO17705651,SO17705651,DN801904953
PO17547119,SO17547119,DN801906315
PO17731748,SO17731748,DN801908644
PO17510443,SO17510443,DN801908754
PO17726147,SO17726147,DN801908857
PO17575884,SO17575884,DN801908912
PO17585891,SO17585891,DN801908913
PO17579986,SO17579986,DN801910214
PO17754382,SO17754382,DN801911212
PO17703342,SO17703342,DN801911535
PO17749351,SO17749351,DN801912491
PO17672917,SO17672917,DN801916145
PO17390431,SO17390431,DN801917633
PO17500441,SO17500441,DN801917635
PO17590448,SO17590448,DN801917638
PO17610449,SO17610449,DN801917639
PO17640455,SO17640455,DN801917643
PO17572704,SO17572704,DN801919310
PO17699528,SO17699528,DN801919648
PO17691402,SO17691402,DN801919658
PO17802119,SO17802119,DN801919792
PO17790924,SO17790924,DN801920655
PO17691356,SO17691356,DN801921261
PO17753306,SO17753306,DN801922171
PO17514756,SO17514756,DN801922253
PO17705762,SO17705762,DN801922262
PO17706636,SO17706636,DN801922265
PO17576259,SO17576259,DN801922828
PO17797567,SO17797567,DN801925859
PO17770477,SO17770477,DN801929451
PO17810857,SO17810857,DN801929476
PO17745838,SO17745838,DN801930121
PO17743280,SO17743280,DN801930125
PO17585465,SO17585465,DN801935600
PO17734768,SO17734768,DN801935634
PO17805726,SO17805726,DN801936976
PO17482636,SO17482636,DN801937012
PO17752776,SO17752776,DN801937177
PO17793783,SO17793783,DN801937434
PO17418498,SO17418498,DN801939491
PO17448503,SO17448503,DN801939493
PO17688083,SO17688083,DN801939919
PO17688325,SO17688325,DN801939921
PO16163332,SO16163332,DN801939922
PO17785273,SO17785273,DN801943974
PO17759938,SO17759938,DN801944342
PO17809250,SO17809250,DN801944375
PO17829789,SO17829789,DN945028132
PO17705353,SO17705353,DN801945101
PO17742484,SO17742484,DN801945102
PO17829919,SO17829919,DN801945401
PO17720511,SO17720511,DN801945779
PO17781001,SO17781001,DN801946986
PO17755516,SO17755516,DN801946988
PO17755518,SO17755518,DN801946993
PO17412981,SO17412981,DN801947052
PO17563039,SO17563039,DN801947096
PO17796193,SO17796193,DN801948046
PO17821184,SO17821184,DN801949467
PO17754412,SO17754412,DN801949469
PO17752638,SO17752638,DN801949488
PO17825709,SO17825709,DN801951216
PO17821714,SO17821714,DN801951919
PO17801273,SO17801273,DN801959416
PO17704385,SO17704385,DN801959478
PO17513062,SO17513062,DN801959526
PO17583100,SO17583100,DN801959530
PO17726759,SO17726759,DN801960024
PO17830323,SO17830323,DN961354885
PO17824607,SO17824607,DN801963055
PO17570348,SO17570348,DN801964298
PO17671343,SO17671343,DN801964299
PO17796194,SO17796194,DN801964472
PO17766328,SO17766328,DN801967395
PO17679479,SO17679479,DN801967731
PO17765106,SO17765106,DN801967929
PO17708770,SO17708770,DN801968275
PO17759755,SO17759755,DN801968276
PO17512589,SO17512589,DN801968277
PO17618829,SO17618829,DN801972490
PO17839166,SO17839166,DN801972544
PO17790554,SO17790554,DN801973252
PO17738894,SO17738894,DN801974113
PO17538372,SO17538372,DN801974562
PO17453046,SO17453046,DN801974610
PO17782932,SO17782932,DN801975018
PO17755145,SO17755145,DN801975022
PO17562827,SO17562827,DN801975125
PO17708056,SO17708056,DN801975564
PO17660988,SO17660988,DN801976560
PO17840908,SO17840908,DN976995323
PO17733244,SO17733244,DN801978273
PO17681420,SO17681420,DN801978304
PO17799847,SO17799847,DN801979065
PO17665984,SO17665984,DN801980641
PO17572776,SO17572776,DN801986052
PO17712628,SO17712628,DN801986278
PO17827944,SO17827944,DN801986386
PO17827972,SO17827972,DN801986390
PO17759754,SO17759754,DN801986793
PO17639494,SO17639494,DN801988449
PO17504993,SO17504993,DN801988451
PO17766407,SO17766407,DN801989486
PO17839488,SO17839488,DN801989547
PO17829431,SO17829431,DN801989817
PO17843051,SO17843051,DN801990282
PO17510536,SO17510536,DN801990350
PO17741800,SO17741800,DN801991262
PO17666260,SO17666260,DN801991813
PO17810338,SO17810338,DN801992310
PO17703200,SO17703200,DN801992569
PO17703201,SO17703201,DN801992570
PO17837128,SO17837128,DN801994260
PO17615531,SO17615531,DN801996266
PO17461159,SO17461159,DN801996269
PO17811480,SO17811480,DN801996272
PO17708927,SO17708927,DN801997110
PO17857897,SO17857897,DN997544123
PO17746075,SO17746075,DN801997666
PO17838249,SO17838249,DN801997670
PO17748998,SO17748998,DN801997674
PO17734539,SO17734539,DN801000862
PO17794589,SO17794589,DN801002535
PO17699217,SO17699217,DN801004168
PO17800523,SO17800523,DN801004216
PO17482633,SO17482633,DN801005131
PO17699216,SO17699216,DN801005478
PO17813085,SO17813085,DN801005596
PO17791505,SO17791505,DN801005859
PO17791507,SO17791507,DN801005860
PO17791518,SO17791518,DN801005863
PO17823667,SO17823667,DN801005869
PO17745885,SO17745885,DN801013405
PO17709940,SO17709940,DN801013673
PO17827662,SO17827662,DN801014471
PO17770005,SO17770005,DN801014487
PO17709998,SO17709998,DN801015083
PO17480387,SO17480387,DN801016307
PO17655154,SO17655154,DN801018024
PO17786509,SO17786509,DN801020757
PO17792241,SO17792241,DN801021039
PO17745886,SO17745886,DN801022560
PO17869812,SO17869812,DN024926348
PO17675852,SO17675852,DN801025738
PO17572090,SO17572090,DN801034135
PO17875848,SO17875848,DN801034137
PO17833087,SO17833087,DN801034832
PO17876746,SO17876746,DN801039887
PO17671567,SO17671567,DN801042328
PO17772783,SO17772783,DN801043046
PO17702099,SO17702099,DN801043301
PO17762198,SO17762198,DN801043720
PO17860256,SO17860256,DN801044894
PO17731784,SO17731784,DN801045240
PO17765469,SO17765469,DN801045241
PO17681568,SO17681568,DN801045535
PO17848434,SO17848434,DN801048321
PO17456462,SO17456462,DN801049014
PO17705895,SO17705895,DN801050505
PO17850760,SO17850760,DN801051613
PO17870446,SO17870446,DN801052348
PO17772750,SO17772750,DN801052746
PO17777919,SO17777919,DN801053056
PO17799768,SO17799768,DN801056793
PO17801555,SO17801555,DN801056796
PO17746841,SO17746841,DN801058523
PO17775734,SO17775734,DN801059864
PO17775735,SO17775735,DN801059876
PO17779931,SO17779931,DN801059884
PO17523832,SO17523832,DN801060561
PO17849312,SO17849312,DN801061270
PO17870221,SO17870221,DN801062545
PO17772193,SO17772193,DN801063193
PO17792005,SO17792005,DN801063196
PO17770152,SO17770152,DN801063406
PO17755888,SO17755888,DN801063847
PO17679032,SO17679032,DN801066008
PO17667591,SO17667591,DN801066011
PO17668428,SO17668428,DN801066014
PO17681758,SO17681758,DN801073075
PO17884687,SO17884687,DN073499132
PO17885873,SO17885873,DN801073588
PO17682807,SO17682807,DN801074073
PO17705443,SO17705443,DN801074288
PO17735877,SO17735877,DN801075784
PO17700223,SO17700223,DN801076736
PO17738061,SO17738061,DN801078001
PO17705442,SO17705442,DN801080883
PO17705444,SO17705444,DN801080885
PO17890305,SO17890305,DN080997565
PO17868540,SO17868540,DN801081520
PO17746517,SO17746517,DN801081997
PO17876623,SO17876623,DN801090984
PO17886628,SO17886628,DN801090989
PO17886629,SO17886629,DN801090990
PO17690814,SO17690814,DN801091973
PO17772312,SO17772312,DN801092012
PO17795296,SO17795296,DN801092414
PO17690823,SO17690823,DN801092417
PO17797988,SO17797988,DN801092423
PO17896071,SO17896071,DN801097259
PO17594723,SO17594723,DN801097261
PO17899780,SO17899780,DN098543652
PO17496784,SO17496784,DN801102258
PO17702820,SO17702820,DN801102260
PO17814121,SO17814121,DN801102263
PO17675851,SO17675851,DN801102581
PO17794114,SO17794114,DN801104287
PO17703669,SO17703669,DN801106155
PO17876439,SO17876439,DN801106245
PO17658950,SO17658950,DN801107912
PO17773628,SO17773628,DN801107978
PO16444643,SO16444643,DN801110716
PO17700103,SO17700103,DN801111764
PO17902173,SO17902173,DN801112367
PO17616977,SO17616977,DN801115078
PO17731607,SO17731607,DN801115080
PO17790766,SO17790766,DN801115547
PO17849930,SO17849930,DN801115620
PO17919789,SO17919789,DN115941100
PO17875682,SO17875682,DN801116134
PO17867266,SO17867266,DN801116852
PO17512269,SO17512269,DN801118262
PO17771132,SO17771132,DN801118991
PO17851735,SO17851735,DN801118992
PO17763918,SO17763918,DN801119135
PO17611602,SO17611602,DN801119322
PO17584128,SO17584128,DN801120261
PO17769396,SO17769396,DN801121533
PO17676950,SO17676950,DN801123566
PO17776142,SO17776142,DN801124464
PO17737710,SO17737710,DN801126465
PO17753882,SO17753882,DN801127770
PO17862899,SO17862899,DN801127772
PO17668547,SO17668547,DN801129843
PO17708610,SO17708610,DN801130009
PO17829399,SO17829399,DN801132198
PO17828690,SO17828690,DN801132199
PO17864510,SO17864510,DN801132200
PO17900318,SO17900318,DN801133740
PO17736166,SO17736166,DN801134623
PO17736168,SO17736168,DN801134624
PO17712465,SO17712465,DN801135003
PO17696855,SO17696855,DN801135028
PO17696423,SO17696423,DN801135921
PO17903285,SO17903285,DN801136313
PO17860430,SO17860430,DN801136803
PO17820494,SO17820494,DN801139238
PO17797112,SO17797112,DN801139241
PO17867638,SO17867638,DN801139244
PO17709214,SO17709214,DN801139476
PO17892766,SO17892766,DN801139830
PO17510588,SO17510588,DN801140648
PO17840636,SO17840636,DN801140651
PO17741782,SO17741782,DN801142247
PO17920764,SO17920764,DN146638303
PO17510037,SO17510037,DN801146694
PO17844441,SO17844441,DN801147656
PO17519922,SO17519922,DN801147791
PO17682539,SO17682539,DN801147839
PO17759763,SO17759763,DN801150118
PO17898879,SO17898879,DN801150989
PO17866135,SO17866135,DN801150993
PO17725206,SO17725206,DN801151364
PO17424329,SO17424329,DN801151898
PO17533446,SO17533446,DN801151904
PO17751226,SO17751226,DN801151995
PO17723196,SO17723196,DN801152284
PO17856107,SO17856107,DN801152869
PO17779287,SO17779287,DN801152905
PO17794188,SO17794188,DN801153706
PO17498413,SO17498413,DN801153708
PO17708788,SO17708788,DN801154862
PO17499587,SO17499587,DN801157034
PO17851229,SO17851229,DN801157035
PO17732723,SO17732723,DN801159885
PO17851532,SO17851532,DN801160976
PO17828193,SO17828193,DN801163847
PO17700017,SO17700017,DN801164521
PO17925359,SO17925359,DN801165380
PO17859460,SO17859460,DN801166769
PO17775390,SO17775390,DN801169443
PO17828391,SO17828391,DN801169446
PO17763784,SO17763784,DN801169938
PO17613119,SO17613119,DN801172106
PO17027482,SO17027482,DN801184981
PO17934853,SO17934853,DN801186818
PO17959991,SO17959991,DN202935632
PO17880087,SO17880087,DN801205474
PO17969989,SO17969989,DN208536265
PO17911147,SO17911147,DN801212370
PO17675541,SO17675541,DN801214457
PO17678333,SO17678333,DN801214460
PO17892890,SO17892890,DN801215157
PO17957582,SO17957582,DN801215191
PO17677050,SO17677050,DN801217448
PO17959908,SO17959908,DN223408321
PO17737984,SO17737984,DN801224337
PO17942134,SO17942134,DN801226240
PO17655730,SO17655730,DN801227393
PO17959477,SO17959477,DN801228081
PO17949838,SO17949838,DN228381887
PO17728162,SO17728162,DN801228766
PO17676627,SO17676627,DN801232019
PO17700786,SO17700786,DN801233345
PO17700857,SO17700857,DN801238946
PO17922812,SO17922812,DN801239888
PO17771054,SO17771054,DN801241780
PO17738303,SO17738303,DN801244526
PO17978798,SO17978798,DN245763996
PO17687967,SO17687967,DN801250441
PO17700858,SO17700858,DN801250525
PO17700919,SO17700919,DN801250526
PO17587753,SO17587753,DN801250566
PO17954604,SO17954604,DN801251510
PO17944605,SO17944605,DN801251511
PO17700920,SO17700920,DN801251839
PO17695754,SO17695754,DN801252202
PO17824430,SO17824430,DN801254269
PO17974816,SO17974816,DN801254391
PO17857055,SO17857055,DN801254620
PO17866880,SO17866880,DN801255996
PO17867428,SO17867428,DN801255997
PO17947412,SO17947412,DN801257790
PO17957413,SO17957413,DN801257791
PO17932024,SO17932024,DN801258234
PO17971510,SO17971510,DN801259333
PO17824773,SO17824773,DN801261094
PO17961794,SO17961794,DN801263670
PO17797036,SO17797036,DN801263991
PO17791077,SO17791077,DN801265554
PO17742122,SO17742122,DN801265625
PO17978912,SO17978912,DN801265686
PO17932826,SO17932826,DN801267942
PO17700458,SO17700458,DN801269142
PO17471195,SO17471195,DN801269668
PO17971582,SO17971582,DN801270300
PO17739608,SO17739608,DN801270381
PO17927078,SO17927078,DN801273871
PO17973683,SO17973683,DN801273874
PO17700188,SO17700188,DN801274065
PO17785107,SO17785107,DN801277873
PO17958129,SO17958129,DN801279506
PO17958130,SO17958130,DN801279510
PO17928052,SO17928052,DN801280657
PO17965562,SO17965562,DN801288529
PO17891931,SO17891931,DN801288581
PO17976086,SO17976086,DN801295769
PO17977627,SO17977627,DN801295771
PO17984673,SO17984673,DN801297305
PO17998331,SO17998331,DN801297808
PO17982153,SO17982153,DN801299119
PO17868995,SO17868995,DN801300870
PO17792576,SO17792576,DN801301944
PO17709885,SO17709885,DN801302897
PO17993239,SO17993239,DN303345333
PO17984915,SO17984915,DN801304211
PO17868877,SO17868877,DN801304437
PO17966039,SO17966039,DN801306204
PO17909347,SO17909347,DN801306249
PO17711798,SO17711798,DN801307614
PO17035138,SO17035138,DN801307616
PO17038481,SO17038481,DN801307619
PO17797654,SO17797654,DN801307699
PO17938854,SO17938854,DN801311703
PO17999182,SO17999182,DN801311942
PO17930031,SO17930031,DN801311944
PO17611176,SO17611176,DN801312128
PO17705770,SO17705770,DN801312376
PO17589643,SO17589643,DN801312571
PO17886333,SO17886333,DN801316135
PO17843557,SO17843557,DN801316316
PO17975358,SO17975358,DN801323032
PO17997777,SO17997777,DN324753555
PO17975359,SO17975359,DN801324808
PO17946081,SO17946081,DN801325792
PO17987946,SO17987946,DN801326881
PO17770287,SO17770287,DN801330572
PO17882838,SO17882838,DN801331444
PO17930298,SO17930298,DN801332117
PO17892622,SO17892622,DN801332122
PO17943758,SO17943758,DN801334176
PO17982193,SO17982193,DN801334178
PO18002286,SO18002286,DN801338320
PO18019099,SO18019099,DN338402689
PO17864666,SO17864666,DN801339621
PO17933208,SO17933208,DN801341936
PO17999195,SO17999195,DN801342502
PO17975821,SO17975821,DN801343981
PO17584039,SO17584039,DN801344104
PO17907606,SO17907606,DN801351308
PO17790120,SO17790120,DN801351309
PO17698955,SO17698955,DN801353355
PO17691347,SO17691347,DN801353360
PO17939925,SO17939925,DN801354646
PO18002397,SO18002397,DN801354734
PO17907330,SO17907330,DN801355642
PO17943039,SO17943039,DN801356281
PO17932996,SO17932996,DN801357721
PO17773951,SO17773951,DN801357877
PO18022188,SO18022188,DN801360156
PO17874621,SO17874621,DN801360830
PO17767876,SO17767876,DN801362834
PO17797653,SO17797653,DN801363632
PO17948287,SO17948287,DN801365473
PO17968319,SO17968319,DN801365476
PO17971446,SO17971446,DN801367873
PO18016713,SO18016713,DN801368610
PO17990312,SO17990312,DN801369192
PO18010314,SO18010314,DN801369193
PO18028547,SO18028547,DN801381116
PO17515198,SO17515198,DN801381396
PO17999908,SO17999908,DN801384134
PO18000076,SO18000076,DN801386208
PO18039369,SO18039369,DN801389381
PO17957752,SO17957752,DN801390779
PO17817463,SO17817463,DN801392868
PO18018603,SO18018603,DN801394022
PO17936203,SO17936203,DN801395187
PO17795203,SO17795203,DN801396125
PO17847520,SO17847520,DN801396420
PO17847523,SO17847523,DN801396421
PO17925682,SO17925682,DN801396424
PO17869940,SO17869940,DN801397317
PO17948068,SO17948068,DN801397608
PO18031840,SO18031840,DN801397636
PO17842344,SO17842344,DN801397747
PO17653383,SO17653383,DN801398358
PO17791151,SO17791151,DN801404579
PO17895789,SO17895789,DN801404847
PO17856439,SO17856439,DN801406266
PO17956633,SO17956633,DN801406268
PO17971580,SO17971580,DN801407821
PO17827863,SO17827863,DN801408974
PO17905221,SO17905221,DN801408976
PO18016953,SO18016953,DN801409884
PO17902353,SO17902353,DN801413217
PO18022047,SO18022047,DN801415971
PO17516479,SO17516479,DN801416069
PO18036039,SO18036039,DN801417057
PO17937613,SO17937613,DN801417058
PO17526481,SO17526481,DN801417171
PO17945853,SO17945853,DN801418313
PO18038688,SO18038688,DN801419831
PO17867918,SO17867918,DN801423933
PO18037663,SO18037663,DN801436285
PO17829409,SO17829409,DN801439148
PO18050505,SO18050505,DN801447996
PO18041907,SO18041907,DN801449279
PO18041908,SO18041908,DN801449282
PO18048516,SO18048516,DN801453776
PO17617635,SO17617635,DN801458156
PO17847639,SO17847639,DN801458157
PO17897641,SO17897641,DN801458159
PO18003416,SO18003416,DN801458695
PO18014417,SO18014417,DN801458699
PO17981461,SO17981461,DN801459492
PO17907265,SO17907265,DN801459797
PO17907270,SO17907270,DN801459798
PO18025917,SO18025917,DN801460125
PO18023389,SO18023389,DN801460129
PO18064383,SO18064383,DN801460196
PO18038651,SO18038651,DN801463133
PO17948676,SO17948676,DN801463557
PO17996631,SO17996631,DN801464555
PO17984896,SO17984896,DN801467213
PO17922953,SO17922953,DN801469239
PO18032623,SO18032623,DN801470125
PO18032979,SO18032979,DN801470135
PO18035882,SO18035882,DN801475394
PO18079466,SO18079466,DN801475426
PO18024500,SO18024500,DN801475975
PO18073918,SO18073918,DN801475981
PO18097432,SO18097432,DN801476514
PO18063951,SO18063951,DN801477282
PO18053107,SO18053107,DN801478026
PO17792038,SO17792038,DN801478186
PO18072365,SO18072365,DN801479395
PO18070554,SO18070554,DN801479916
PO17945317,SO17945317,DN801481615
PO17769056,SO17769056,DN801483120
PO17948085,SO17948085,DN801487101
PO17893814,SO17893814,DN801488749
PO18035607,SO18035607,DN801491943
PO18035608,SO18035608,DN801491944
PO18058551,SO18058551,DN801492658
PO17943284,SO17943284,DN801494749
PO18045682,SO18045682,DN801497339
PO17849474,SO17849474,DN801499392
PO17831717,SO17831717,DN801499874
PO18021531,SO18021531,DN801500550
PO17799437,SO17799437,DN801501084
PO18086586,SO18086586,DN801506980
PO17951792,SO17951792,DN801507002
PO17982356,SO17982356,DN801508220
PO18077060,SO18077060,DN801508500
PO18027302,SO18027302,DN801508509
PO18093336,SO18093336,DN509145125
PO17490451,SO17490451,DN801509503
PO17490452,SO17490452,DN801509504
PO18027067,SO18027067,DN801509629
PO17795866,SO17795866,DN801509968
PO17867916,SO17867916,DN801511111
PO18096085,SO18096085,DN801511795
PO17979116,SO17979116,DN801513164
PO18093420,SO18093420,DN801516755
PO17842789,SO17842789,DN801517281
PO18094447,SO18094447,DN518099185
PO18088329,SO18088329,DN801520802
PO17893190,SO17893190,DN801522676
PO17840583,SO17840583,DN801523922
PO17917235,SO17917235,DN801526073
PO18092065,SO18092065,DN801526285
PO18050417,SO18050417,DN801526329
PO18050420,SO18050420,DN801526331
PO18050421,SO18050421,DN801526332
PO17897244,SO17897244,DN801526497
PO17917245,SO17917245,DN801526499
PO18090830,SO18090830,DN801526817
PO18091766,SO18091766,DN801528230
PO17848520,SO17848520,DN801529722
PO18091848,SO18091848,DN801529743
PO17910015,SO17910015,DN801529780
PO18022430,SO18022430,DN801531332
PO17847243,SO17847243,DN801534751
PO18032482,SO18032482,DN801536344
PO18032483,SO18032483,DN801536346
PO18091081,SO18091081,DN801536618
PO18115421,SO18115421,DN801537522
PO17977314,SO17977314,DN801538040
PO17994960,SO17994960,DN801540414
PO18029404,SO18029404,DN801540434
PO18115557,SO18115557,DN541955520
PO18014691,SO18014691,DN801547292
PO18118365,SO18118365,DN801547311
PO18095768,SO18095768,DN801549385
PO18032475,SO18032475,DN801551475
PO18109580,SO18109580,DN801552291
PO17931563,SO17931563,DN801553097
PO17497893,SO17497893,DN801554312
PO18111723,SO18111723,DN801555189
PO18039360,SO18039360,DN801559841
PO18030862,SO18030862,DN801561341
PO18040865,SO18040865,DN801561343
PO18105334,SO18105334,DN801562281
PO17799748,SO17799748,DN801562944
PO18119979,SO18119979,DN801564228
PO18071234,SO18071234,DN801565567
PO18039480,SO18039480,DN801565648
PO17823843,SO17823843,DN801565710
PO17891380,SO17891380,DN801566718
PO17906790,SO17906790,DN801567353
PO18105335,SO18105335,DN801569324
PO17924185,SO17924185,DN801569686
PO17849116,SO17849116,DN801572907
PO18054327,SO18054327,DN801573939
PO18028181,SO18028181,DN801576163
PO17619765,SO17619765,DN801576408
PO17949521,SO17949521,DN801578181
PO18122822,SO18122822,DN801581521
PO17947740,SO17947740,DN801585190
PO17970087,SO17970087,DN801585924
PO18120451,SO18120451,DN801586227
PO18034626,SO18034626,DN801589471
PO18056463,SO18056463,DN801589769
PO17851983,SO17851983,DN801589771
PO17995281,SO17995281,DN801590363
PO18133603,SO18133603,DN801593263
PO18056932,SO18056932,DN801595239
PO18034627,SO18034627,DN801602291
PO18034628,SO18034628,DN801602295
PO18047588,SO18047588,DN801602299
PO17843794,SO17843794,DN801604824
PO17939098,SO17939098,DN801610510
PO18088869,SO18088869,DN801614862
PO17798830,SO17798830,DN801614937
PO18088098,SO18088098,DN801615761
PO18145046,SO18145046,DN801618763
PO18108248,SO18108248,DN801620035
PO18047506,SO18047506,DN801622118
PO18041678,SO18041678,DN801622122
PO18051680,SO18051680,DN801622129
PO18041984,SO18041984,DN801622286
PO18041679,SO18041679,DN801622289
PO18065318,SO18065318,DN801622290
PO18136744,SO18136744,DN801624275
PO18064306,SO18064306,DN801626494
PO17900098,SO17900098,DN801627354
PO17490007,SO17490007,DN627620831
PO17990116,SO17990116,DN801627816
PO18066676,SO18066676,DN801632238
PO18156768,SO18156768,DN801632801
PO18086677,SO18086677,DN801634708
PO18147178,SO18147178,DN801635282
PO17970121,SO17970121,DN801635819
PO18120257,SO18120257,DN801639300
PO18080319,SO18080319,DN801639511
PO17954729,SO17954729,DN801639542
PO17871441,SO17871441,DN801641198
PO18133333,SO18133333,DN801641998
PO18149878,SO18149878,DN801644017
PO18056202,SO18056202,DN801644429
PO17896864,SO17896864,DN801644435
PO17926866,SO17926866,DN801644436
PO18125258,SO18125258,DN801646259
PO18099111,SO18099111,DN801646562
PO18006133,SO18006133,DN801654041
PO18093300,SO18093300,DN801654422
PO18098308,SO18098308,DN801654423
PO18157370,SO18157370,DN801654577
PO17795890,SO17795890,DN801654749
PO18159205,SO18159205,DN801655065
PO18146890,SO18146890,DN801655391
PO18088567,SO18088567,DN801655568
PO18123381,SO18123381,DN801658185
PO18052556,SO18052556,DN801662041
PO18129035,SO18129035,DN801663625
PO18129602,SO18129602,DN801663627
PO17825901,SO17825901,DN801664314
PO17809508,SO17809508,DN801666273
PO18160932,SO18160932,DN801668833
PO18028620,SO18028620,DN801669508
PO18073191,SO18073191,DN801672849
PO18036469,SO18036469,DN801674197
PO18098441,SO18098441,DN801678361
PO18075870,SO18075870,DN801678364
PO18098938,SO18098938,DN801678367
PO18168930,SO18168930,DN801678530
PO18037326,SO18037326,DN801679238
PO18163356,SO18163356,DN801680058
PO18161366,SO18161366,DN801680424
PO18148657,SO18148657,DN801681546
PO17891929,SO17891929,DN801681811
PO18066896,SO18066896,DN801685430
PO18156759,SO18156759,DN801686172
PO17618310,SO17618310,DN801688860
PO18143696,SO18143696,DN801692463
PO18021042,SO18021042,DN801692830
PO18089623,SO18089623,DN801692905
PO18171515,SO18171515,DN801693744
PO18120550,SO18120550,DN801694400
PO18063577,SO18063577,DN801694911
PO18069476,SO18069476,DN801695603
PO18032714,SO18032714,DN801696097
PO18129877,SO18129877,DN801701717
PO18166482,SO18166482,DN801703878
PO17963055,SO17963055,DN801705226
PO18037293,SO18037293,DN801705261
PO18164850,SO18164850,DN801708338
PO18182249,SO18182249,DN801709481
PO17979896,SO17979896,DN801712729
PO18176201,SO18176201,DN801716414
PO18017078,SO18017078,DN801718913
PO17846946,SO17846946,DN801722266
PO18199708,SO18199708,DN801723100
PO18110960,SO18110960,DN801723326
PO17889123,SO17889123,DN801726931
PO17875939,SO17875939,DN801732447
PO18035727,SO18035727,DN801735542
PO18186362,SO18186362,DN801736463
PO18032198,SO18032198,DN801738552
PO18042199,SO18042199,DN801738553
PO17610311,SO17610311,DN801738675
PO18018953,SO18018953,DN801742527
PO18066250,SO18066250,DN801744182
PO18134273,SO18134273,DN801745021
PO18044518,SO18044518,DN801745649
PO18067317,SO18067317,DN801745653
PO18208116,SO18208116,DN801749091
PO18044517,SO18044517,DN801750096
PO18044519,SO18044519,DN801751329
PO18234527,SO18234527,DN801753691
PO17990272,SO17990272,DN801755132
PO17761087,SO17761087,DN801755286
PO17740661,SO17740661,DN801756844
PO18198337,SO18198337,DN801759634
PO18004200,SO18004200,DN801759693
PO18196550,SO18196550,DN801759696
PO17721005,SO17721005,DN801761988
PO17751008,SO17751008,DN801761992
PO17781957,SO17781957,DN801761995
PO17843431,SO17843431,DN801762028
PO17761009,SO17761009,DN801764325
PO18168190,SO18168190,DN801764349
PO17904027,SO17904027,DN801765563
PO18126629,SO18126629,DN801766683
PO17723280,SO17723280,DN801767626
PO17745496,SO17745496,DN801767629
PO17775497,SO17775497,DN801769156
PO18024005,SO18024005,DN801770172
PO17894119,SO17894119,DN801771457
PO18141397,SO18141397,DN801771704
PO17924140,SO17924140,DN801771727
PO18179703,SO18179703,DN771952202
PO18129506,SO18129506,DN801774426
PO18171337,SO18171337,DN801775456
PO18177520,SO18177520,DN801776282
PO18204288,SO18204288,DN801776560
PO18177932,SO18177932,DN801778065
PO18037120,SO18037120,DN801781100
PO18037121,SO18037121,DN801781114
PO18228097,SO18228097,DN801781550
PO18222172,SO18222172,DN801783729
PO18223156,SO18223156,DN801788249
PO18187826,SO18187826,DN801788757
PO18216959,SO18216959,DN801791514
PO17957136,SO17957136,DN801801485
PO18194558,SO18194558,DN801802752
PO18162129,SO18162129,DN801805613
PO18164679,SO18164679,DN801807428
PO18195553,SO18195553,DN801807430
PO18170037,SO18170037,DN808393581
PO18237392,SO18237392,DN801808921
PO17896780,SO17896780,DN801809733
PO18166383,SO18166383,DN801817682
PO18211437,SO18211437,DN801821798
PO18192185,SO18192185,DN801821902
PO18176300,SO18176300,DN801821906
PO18231196,SO18231196,DN801821981
PO18062575,SO18062575,DN801827913
PO18235873,SO18235873,DN801831343
PO17936576,SO17936576,DN801838516
PO18190318,SO18190318,DN801838518
PO18178214,SO18178214,DN801838658
PO18069662,SO18069662,DN801839014
PO18048272,SO18048272,DN801840638
PO18152153,SO18152153,DN801840672
PO18202264,SO18202264,DN801840692
PO18223238,SO18223238,DN801842550
PO18080033,SO18080033,DN801842653
PO18239031,SO18239031,DN801846310
PO18173430,SO18173430,DN801846966
PO17782027,SO17782027,DN801847206
PO18161623,SO18161623,DN801851544
PO18164386,SO18164386,DN801851545
PO18174387,SO18174387,DN801851546
PO18165018,SO18165018,DN801852477
PO18124224,SO18124224,DN801854821
PO17994989,SO17994989,DN801857257
PO18132608,SO18132608,DN801857421
PO18234506,SO18234506,DN801857887
PO18195443,SO18195443,DN801857978
PO18015077,SO18015077,DN801862629
PO18022881,SO18022881,DN801864247
PO18211004,SO18211004,DN801866432
PO18028009,SO18028009,DN801870408
PO18122541,SO18122541,DN801870411
PO18194142,SO18194142,DN801870453
PO18266716,SO18266716,DN801871189
PO18032535,SO18032535,DN801871367
PO18265980,SO18265980,DN801873899
PO18194532,SO18194532,DN801874422
PO18095310,SO18095310,DN801875831
PO18048023,SO18048023,DN801879039
PO18214399,SO18214399,DN801879872
PO18053155,SO18053155,DN801879924
PO18261660,SO18261660,DN801881239
PO18277340,SO18277340,DN801884084
PO18182546,SO18182546,DN801887492
PO18030138,SO18030138,DN801887514
PO18110488,SO18110488,DN801887517
PO18022794,SO18022794,DN801888750
PO18159783,SO18159783,DN801896227
PO18150045,SO18150045,DN801897076
PO18278473,SO18278473,DN801897288
PO18252095,SO18252095,DN801898181
PO18093320,SO18093320,DN801898185
PO18274244,SO18274244,DN801901458
PO18124961,SO18124961,DN801901460
PO18285663,SO18285663,DN801903825
PO18287336,SO18287336,DN801904051
PO18114779,SO18114779,DN801905144
PO18244776,SO18244776,DN801905312
PO18288253,SO18288253,DN801909352
PO18188926,SO18188926,DN801913103
PO18213338,SO18213338,DN801914283
PO18254124,SO18254124,DN801915804
PO18009758,SO18009758,DN801923518
PO18293466,SO18293466,DN801924107
PO18285121,SO18285121,DN801924701
PO18208756,SO18208756,DN801930248
PO18117079,SO18117079,DN801949596
PO18157083,SO18157083,DN801949599
PO18218307,SO18218307,DN801950645
PO17089515,SO17089515,DN801954008
PO18280216,SO18280216,DN801954164
PO18197088,SO18197088,DN801956583
PO18269458,SO18269458,DN801956585
PO18199492,SO18199492,DN801957111
PO18197087,SO18197087,DN801960633
PO18250445,SO18250445,DN801962401
PO18199491,SO18199491,DN801968007
PO18221713,SO18221713,DN801969155
PO18259455,SO18259455,DN801969942
PO17845114,SO17845114,DN801976321
PO18127080,SO18127080,DN801976419
PO18279459,SO18279459,DN801976420
PO18316135,SO18316135,DN801977376
PO18301799,SO18301799,DN801978259
PO18288974,SO18288974,DN801979387
PO17992626,SO17992626,DN801979603
PO17800274,SO17800274,DN801980359
PO17810275,SO17810275,DN801980362
PO17801759,SO17801759,DN801980364
PO18200999,SO18200999,DN801980472
PO18317477,SO18317477,DN801980473
PO17791758,SO17791758,DN801982500
PO18005395,SO18005395,DN801982503
PO17994104,SO17994104,DN801984110
PO17991033,SO17991033,DN801989242
PO18223634,SO18223634,DN801991292
PO18316883,SO18316883,DN801993485
PO18264139,SO18264139,DN801994586
PO18299898,SO18299898,DN801997590
PO18145158,SO18145158,DN801998727
PO17942293,SO17942293,DN801000554
PO18222978,SO18222978,DN801001072
PO18314848,SO18314848,DN801003913
PO18129975,SO18129975,DN801003920
PO18230185,SO18230185,DN801003922
PO18340559,SO18340559,DN801009538
PO18217924,SO18217924,DN801010166
PO18240543,SO18240543,DN801010391
PO18144356,SO18144356,DN801013156
PO18282693,SO18282693,DN801013845
PO18150668,SO18150668,DN801013880
PO18151084,SO18151084,DN801013883
PO18151160,SO18151160,DN801013887
PO18151889,SO18151889,DN801013891
PO18161892,SO18161892,DN801013895
PO18161894,SO18161894,DN801013898
PO18162142,SO18162142,DN801013900
PO18151891,SO18151891,DN801015641
PO18278807,SO18278807,DN801016496
PO18151890,SO18151890,DN801021365
PO18152391,SO18152391,DN801021367
PO18076473,SO18076473,DN801021756
PO18347726,SO18347726,DN801022370
PO18188719,SO18188719,DN801025606
PO18269016,SO18269016,DN801025609
PO18189715,SO18189715,DN801025612
PO18181223,SO18181223,DN801025617
PO18191224,SO18191224,DN801025620
PO18182378,SO18182378,DN801025622
PO18283070,SO18283070,DN801026148
PO18313075,SO18313075,DN801026151
PO18296372,SO18296372,DN801027987
PO18022513,SO18022513,DN801029605
PO18217355,SO18217355,DN801032169
PO18155362,SO18155362,DN801032172
PO18347829,SO18347829,DN801032442
PO18233680,SO18233680,DN801033708
PO18351492,SO18351492,DN801033895
PO18309252,SO18309252,DN801033993
PO17928360,SO17928360,DN801034045
PO18184334,SO18184334,DN801034444
PO18099896,SO18099896,DN801036311
PO18182925,SO18182925,DN801037158
PO18319027,SO18319027,DN801037505
PO18332185,SO18332185,DN801039601
PO18185797,SO18185797,DN801039604
PO18130080,SO18130080,DN801041235
PO18352570,SO18352570,DN801041237
PO18093678,SO18093678,DN801042424
PO18201931,SO18201931,DN801042431
PO18155405,SO18155405,DN801042537
PO18164723,SO18164723,DN801042539
PO18292241,SO18292241,DN801042588
PO18279725,SO18279725,DN801042878
PO18272965,SO18272965,DN801042881
PO18043518,SO18043518,DN801042933
PO18281427,SO18281427,DN801046386
PO18275751,SO18275751,DN801046562
PO17900312,SO17900312,DN801046977
PO18353354,SO18353354,DN801046981
PO18336759,SO18336759,DN801047787
PO18186222,SO18186222,DN801047811
PO18187719,SO18187719,DN801047850
PO18181142,SO18181142,DN801047858
PO18183000,SO18183000,DN801047867
PO18184335,SO18184335,DN801047872
PO18210089,SO18210089,DN801049373
PO18105326,SO18105326,DN801052063
PO18256155,SO18256155,DN801052085
PO18215944,SO18215944,DN801052655
PO18285752,SO18285752,DN801052731
PO18188995,SO18188995,DN801052734
PO18288999,SO18288999,DN801052736
PO18329000,SO18329000,DN801052739
PO18209016,SO18209016,DN801052741
PO18088082,SO18088082,DN801053179
PO18184922,SO18184922,DN801053772
PO18182268,SO18182268,DN801053776
PO18185384,SO18185384,DN801053780
PO18136132,SO18136132,DN801054028
PO18185456,SO18185456,DN801054336
PO18274283,SO18274283,DN801054340
PO18205743,SO18205743,DN801054364
PO18284695,SO18284695,DN801055902
PO18257997,SO18257997,DN801055986
PO18170523,SO18170523,DN801060293
PO18345177,SO18345177,DN801061469
PO18174678,SO18174678,DN801062254
PO17891691,SO17891691,DN801062325
PO18347331,SO18347331,DN801063835
PO18210617,SO18210617,DN801064119
PO18375568,SO18375568,DN801064133
PO18258155,SO18258155,DN801065576
PO18180437,SO18180437,DN801065629
PO18355883,SO18355883,DN801065632
PO18185771,SO18185771,DN801065983
PO18185772,SO18185772,DN801065986
PO18154714,SO18154714,DN801065995
PO18308888,SO18308888,DN066313035
PO18353347,SO18353347,DN801068534
PO18152625,SO18152625,DN801069047
PO18360929,SO18360929,DN801069658
PO18365552,SO18365552,DN801069725
PO18265433,SO18265433,DN801070652
PO18372859,SO18372859,DN801071091
PO18220094,SO18220094,DN801073294
PO18360930,SO18360930,DN801073366
PO18265600,SO18265600,DN801073396
PO18100446,SO18100446,DN801075313
PO18297133,SO18297133,DN801075605
PO18343882,SO18343882,DN801076193
PO18358683,SO18358683,DN801076998
PO18272109,SO18272109,DN801077635
PO17497890,SO17497890,DN801078060
PO17490087,SO17490087,DN801078061
PO18377832,SO18377832,DN801078296
PO18335367,SO18335367,DN801078351
PO18215896,SO18215896,DN801078354
PO18352396,SO18352396,DN801078578
PO18366814,SO18366814,DN801081091
PO18153445,SO18153445,DN801081906
PO17953385,SO17953385,DN801082345
PO18214526,SO18214526,DN801082348
PO18189842,SO18189842,DN801082352
PO18189843,SO18189843,DN801082355
PO18319866,SO18319866,DN801082357
PO18232814,SO18232814,DN801082858
PO18242557,SO18242557,DN801082864
PO18222133,SO18222133,DN801084782
PO18190736,SO18190736,DN801084810
PO18232462,SO18232462,DN801084837
PO18182938,SO18182938,DN801084868
PO18182658,SO18182658,DN801084872
PO18185594,SO18185594,DN801084874
PO18180077,SO18180077,DN801084878
PO18230525,SO18230525,DN801084880
PO18229671,SO18229671,DN801085842
PO18162521,SO18162521,DN801086068
PO18182979,SO18182979,DN801086109
PO18304774,SO18304774,DN801086113
PO18135555,SO18135555,DN801086114
PO18187029,SO18187029,DN801086116
PO18227101,SO18227101,DN801086205
PO18217730,SO18217730,DN086551541
PO18322691,SO18322691,DN801086826
PO18315652,SO18315652,DN801086830
PO18175258,SO18175258,DN801086838
PO18187098,SO18187098,DN801087425
PO18187922,SO18187922,DN801087426
PO18187923,SO18187923,DN801087427
PO18376421,SO18376421,DN801088651
PO18153446,SO18153446,DN801088738
PO18228302,SO18228302,DN801089578
PO18386541,SO18386541,DN801090813
PO18035096,SO18035096,DN801090968
PO18285566,SO18285566,DN801090972
PO18146873,SO18146873,DN801091058
PO18193514,SO18193514,DN801091342
PO18322643,SO18322643,DN801093155
PO18322692,SO18322692,DN801093157
PO18326210,SO18326210,DN801093796
PO18183767,SO18183767,DN801094253
PO18188036,SO18188036,DN801094258
PO18188037,SO18188037,DN801094261
PO18188038,SO18188038,DN801094265
PO18200192,SO18200192,DN801094272
PO18179748,SO18179748,DN801094770
PO17899701,SO17899701,DN801095075
PO18315129,SO18315129,DN801095148
PO18389017,SO18389017,DN801095277
PO17961146,SO17961146,DN801095338
PO18157375,SO18157375,DN801095769
PO18222780,SO18222780,DN801097549
PO18193787,SO18193787,DN801097612
PO18093634,SO18093634,DN801097707
PO18163720,SO18163720,DN801097710
PO18183765,SO18183765,DN801097713
PO18183776,SO18183776,DN801097717
PO18185326,SO18185326,DN801097719
PO18188946,SO18188946,DN801097721
PO18182674,SO18182674,DN801097723
PO18208634,SO18208634,DN801098190
PO18249432,SO18249432,DN801098191
PO18146872,SO18146872,DN801098353
PO18262066,SO18262066,DN801099282
PO18189015,SO18189015,DN801099415
PO17959106,SO17959106,DN801099418
PO18281550,SO18281550,DN801100993
PO18183755,SO18183755,DN801101022
PO18202085,SO18202085,DN801101041
PO18350733,SO18350733,DN801101324
PO18187186,SO18187186,DN801101937
PO18188945,SO18188945,DN801101942
PO18156369,SO18156369,DN801101958
PO18316648,SO18316648,DN801101991
PO18166303,SO18166303,DN801102118
PO18183775,SO18183775,DN801105376
PO18284562,SO18284562,DN801105378
PO18187266,SO18187266,DN801105380
PO18319030,SO18319030,DN801105382
PO18170312,SO18170312,DN801105385
PO18224787,SO18224787,DN801106355
PO18266658,SO18266658,DN801107036
PO18145952,SO18145952,DN801108524
PO18157432,SO18157432,DN801108670
PO17943291,SO17943291,DN801111682
PO18220389,SO18220389,DN801112692
PO18392627,SO18392627,DN801115220
PO18385837,SO18385837,DN801116500
PO18163687,SO18163687,DN801117773
PO18165318,SO18165318,DN801117783
PO17892539,SO17892539,DN801128032
PO18155330,SO18155330,DN801130510
PO18402453,SO18402453,DN801131131
PO18310275,SO18310275,DN801133322
PO18392147,SO18392147,DN801136504
PO18410300,SO18410300,DN801141000
PO18418235,SO18418235,DN801149332
PO18157300,SO18157300,DN801150944
PO18260393,SO18260393,DN801274770
PO18430921,SO18430921,DN801298516
PO18496297,SO18496297,DN801298517
PO18392873,SO18392873,DN801305193
PO18393096,SO18393096,DN801311009
PO18482064,SO18482064,DN801312146
PO18456397,SO18456397,DN801313151
PO18376389,SO18376389,DN801313837
PO18157430,SO18157430,DN801314120
PO18527097,SO18527097,DN801314196
PO18466709,SO18466709,DN801314350
PO18518109,SO18518109,DN801315365
PO18513953,SO18513953,DN801315605
PO18460140,SO18460140,DN801315768
PO18455129,SO18455129,DN801315839
PO18515284,SO18515284,DN801317086
PO18435618,SO18435618,DN801318836
PO18157431,SO18157431,DN801320884
PO18457726,SO18457726,DN801320947
PO18528905,SO18528905,DN801320949
PO18500016,SO18500016,DN801321505
PO18501110,SO18501110,DN801321508
